public_private,region,prefecture,affiliation,institute_head,name_of_laboratory,lab_head,electricity_existence,principle_source,group_or_other_emergency_source,type_of_protection,ele_obs,total_staff,training_1,training_2,training_3,training_4,training_5,shipping_packaging_available,ship_obs,patients_per_day,centrifuge_#,centrifuge_func,centrifuge_why,temp_(2-8)#,fridge_func,phone,phone_obs,fax,fax_obs,computer,computer_obs,internet,internet_obs,latitude,longitude,tdr_palu,tdr_hiv,widal,hb_sahli,list_of_all_exams,hierarchy,pdiag_hiv,pdiag_palu,pdiag_widal,pdiag_hb_sahli,pcomm,pship,training
public,boke,boffa,hp,Dr. Kaman Isac Kolie,hp labs boffa,Conte Yaya,1,Solar energy,Yes,Taken from the ground,,7.0,biochemistry,bacteriology,hematology,parasitology,serology,Yes,Triple packaging,10.0,2.0,1 Yes 1 No,vetuste,2.0,No,0,,0,,0,,0,,10.177999999999999,-14.030999999999999,1,1,1,1,"Urinalysis; frotis vaginal; BK; CSF; semen analysis; pregnancy test; GLUCOSE; albuminerie; glucourie; GE; microfilaria; stool HB, TE; NFS blood grouping; hematocrit; BW; Widal; Aslo, hepatitis B and C",Guinea.boke.boffa.hp_labs_boffa,1.0,1.0,1.0,1.0,0,1.0,"biochemistry,bacteriology,hematology,parasitology,serology"
public,boke,fria,cs,Honore Bore,cs lab sabende,Marie Juliette Sylla,1,Generator,Yes,Stabilizer,No power by public network ,4.0,bacteriology,serology,sample transport,hematology,parasitology,No,No,20.0,0.0,,,0.0,,0,,0,,0,,0,,10.370727,-13.584125,1,1,1,1,TDR / Palu; Widal; glucose; Aslo; BW; HBsAg; HIV; Hb (sally); urinary sediment; stools,Guinea.boke.fria.cs_lab_sabende,1.0,1.0,1.0,1.0,0,0.0,"bacteriology,serology,sample transport,hematology,parasitology"
public,boke,fria,hp,Dr. Camara Sekouba,biomedical lab and blood transfusion fria,Dr. Ramata Doukoure,0,Generator,Yes,"Other or combination (specify in ""comments"")","UPS, stabilizer; there are solar panels but only blood bank; fequentes cuts",4.0,bacteriology,biochemistry,immunology,hematology,parasitology,No,No,6.0,1.0,Yes,,1.0,No,0,,0,,1,,0,,10.370727,-13.584125,1,1,1,1,"Hb; NFS; VS; TC; TS Saddles GE; Search microfilariae; TE; sputum, vaginal secretions, urine cultures; Glucose; creatinine urea; transaminase; cholesterol HIV RPR; Aslo; Widal; HBsAg; CD4; blood grouping",Guinea.boke.fria.biomedical_lab_and_blood_transfusion_fria,1.0,1.0,1.0,1.0,0,0.0,"bacteriology,biochemistry,immunology,hematology,parasitology"
mining company,boke,boke,hospital,Dr. Diallo binta Teliwell,laboratory hospital anaim kamsar,Dr. Kova Zoumanigui / Acting,1,Other,Yes,"Other or combination (specify in ""comments"")",ups; lightning rod stabilizers; ground terminal,18.0,hematology,biochemistry,bacteriology (antimicrobial),sero-immunology,molecular biology,No,No,100.0,2.0,Yes,,6.0,Yes,0,,0,,1,,0,,10.665213,-14.603128,0,1,1,0,"Urea glucose: uric acid, creatinine, cholesterol and fractions; calcium; alkaline phosphatase, acid phosphatase, transaminases, bilirubin, total protein, albumin, blood typing; thick film; microfilaria; stools chemistry urine; LCR ANTIBIOGRAM; Hepatitis b and c; PSA; troponin; A1C; BLOOD COUNT cmplet; Hemostasis; stools; drop thick; Widal; ASLO; syphilis; Toxoplasmosis; RUBEOL; .crp; biochemistry of hormones; Spermogram",Guinea.boke.boke.laboratory_hospital_anaim_kamsar,1.0,0.0,1.0,0.0,0,0.0,"hematology,biochemistry,bacteriology (antimicrobial),sero-immunology,molecular biology"
public,boke,boke,cs,Dr. Emilie Tenin Beavogui,cs lab kassapo,Moussa Camara Kindia,0,public network,Yes,Stabilizer,,9.0,biochemistry,hematology,bacteriology,lab management,sample,No,No,15.0,0.0,,,0.0,,0,,0,,0,,0,,10.66526,-14586066.0,1,1,1,1,"Widal, HIV TDR, TDR Palu, hemoglobin, erythrocyte sedimentation rate, blood glucose, aslo, RPR, proteinuria, emmel test",Guinea.boke.boke.cs_lab_kassapo,1.0,1.0,1.0,1.0,0,0.0,"biochemistry,hematology,bacteriology,lab management,sample"
public,boke,boke,cs,Dr. Abdourahamane Bangoura,cs lab dibia,Thierno Aboubacar Balde,0,Other,No,Any,No source of energy so that the lab only works day,4.0,sample,hiv screening,hematology,bacteriology,biochemistry,No,No,0.0,1.0,Yes,,0.0,,0,,0,,0,,0,,10.934619,-14.291773000000001,1,1,1,1,"TDR malaria and HIV, Hb; stool microscopy, TE, Widal, RPR, microscopic examination of vaginal secretions, urine sediment, Aslo, Blood Glucose, Pregnancy Test, Albumin",Guinea.boke.boke.cs_lab_dibia,0.0,0.0,0.0,0.0,0,0.0,"sample,hiv screening,hematology,bacteriology,biochemistry"
public,boke,boke,hr,Dr. Sekou Ahmed Tidiane Barry,hr boke lab,Sekou Camara Naba,1,public network,Yes,"Other or combination (specify in ""comments"")","Stabilsateur, lightning rod",17.0,biochemistry,parasitology,blood transfusion,bacteriology,hematology,Yes,Triple packaging,40.0,2.0,1 Yes 1 No,antiquated,2.0,Yes,0,,0,,1,Nonfunctional,0,,10.94,-14.29,1,1,1,1,"Hb, NFS, Tc Ts, TE, blood Goupage, GE, stool microscopy, microfilaria search, albumin, Aslo, Toxoplasmosis, RPR, Vidal, TDR HbS, urinary sediment, vaginal smears, CSF",Guinea.boke.boke.hr_boke_lab,1.0,1.0,1.0,1.0,0,1.0,"biochemistry,parasitology,blood transfusion,bacteriology,hematology"
public,boke,gaoual,hp,Dr. Diaka Mady Cisse,hp labs gaoual,Thierno Aliou Sow,1,Solar energy,Yes,"Other or combination (specify in ""comments"")","Stabilizer, lightning rod",7.0,blood transfusion,biosecurity,serology,bacteriology,hematology,No,No,15.0,2.0,1 Yes 1 No,,3.0,No,0,,0,,0,,0,,11.76368,-13.200053,0,1,1,1,"Stool microfilaria research thick Drop, HB, NFS, VS, TE, TC, TS, glucose, urine sediment, pregnancy test, HIV TDR, TDR hepatitis B, RPR, Widal",Guinea.boke.gaoual.hp_labs_gaoual,1.0,0.0,1.0,1.0,0,0.0,"blood transfusion,biosecurity,serology,bacteriology,hematology"
public,boke,koundara,cs,Soumaoro Glima,cs lab saraboido,Diakite Mande,0,Other,No,Any,No source of energy,3.0,serology,hematology,biochemistry,bacteriology,parasitology,No,No,10.0,0.0,,,0.0,,0,,0,,0,,0,,12.403208,-13.5283,1,1,0,1,"HIV, Glucose, Hb, albumin in the urine, stool examination (if microscope works)",Guinea.boke.koundara.cs_lab_saraboido,1.0,1.0,0.0,1.0,0,0.0,"serology,hematology,biochemistry,bacteriology,parasitology"
public,boke,koundara,hp,Dr. Mohamed Sompare,hp labs koundara,Barry Mamadou Oury,0,Solar energy,Yes,"Other or combination (specify in ""comments"")","UPS, stabilizer, lightning rod; generator failed, a panel is just the fridge",6.0,bacteriology,biochemistry,hematology,parasitology,serology,No,Existence of coolers,,3.0,"Other (specify in ""comments"")",electric current causes lack inoperative electrical centrifugieuses,3.0,1 Yes 1 No,0,,0,,0,,0,,12.491184,-13.295664000000002,1,1,1,1,"NFS, urinalysis, biochemistry urine, sputum, stool microscopy, glucose, Aslo, Widal, TDR HIV, pregnancy test, LCR, GE, semen analysis, vaginal smear",Guinea.boke.koundara.hp_labs_koundara,0.25,0.25,0.25,0.25,0,0.25,"bacteriology,biochemistry,hematology,parasitology,serology"
mining company,boke,fria,hospital,Dr. Alpha Hassimiou Diallo,laboratory hospital rusal fria,Dr. Hadja Kadiatou Diallo,1,public network,Yes,"Other or combination (specify in ""comments"")",ups; lightning rod stabilizers; ground terminal,9.0,bacteriology,biochemistry,hematology,parasitology,serology,No,No,30.0,2.0,Yes,,1.0,Yes,1,non-functional because of the stop of the plant,0,,1,,0,,,,0,1,1,0,"Urea glucose: uric acid, creatinine, cholesterol and fractions; calcium; alkaline phosphatase, acid phosphatase, transaminases, bilirubin, total protein, albumin, blood typing; thick film; microfilaria; stools chemistry urine; LCR ANTIBIOGRAM; Hepatitis B and C; hemoculture; Hemostasis; electrophoresis lhemoglobine; complete electrolytes, serum iron, Gamma GT, cytological analysis of breast milk",Guinea.boke.fria.laboratory_hospital_rusal_fria,1.0,0.0,1.0,0.0,1,0.0,"bacteriology,biochemistry,hematology,parasitology,serology"
mining company,boke,boke,dispensary,Dr. yacine diallo,laboratory clinic cbg sangaredi,Barry Sanou,1,Other,Yes,"Other or combination (specify in ""comments"")",ups; lightning rod stabilizers; ground terminal,6.0,hematology,bacciloscopie tuberculosis,bacteriology (antimicrobial),sero-immunology,biochemistry,Yes,triple packaging,25.0,1.0,Yes,,5.0,Yes,1,,0,,1,,0,,,,0,1,1,0,"Glucose; urea: uric acid, creatinine, cholesterol and fractions; calcium; alkaline phosphatase, acid phosphatase, transaminases, bilirubin, total protein, albumin, blood typing; thick film; microfilaria; stools chemistry urine; LCR ANTIBIOGRAM; Hepatitis B and C Widal; ASLO; HIV; paludienne Serology; amylase; chemistry panel; NFS with constant erythrocyte",Guinea.boke.boke.laboratory_clinic_cbg_sangaredi,1.0,0.0,1.0,0.0,1,1.0,"hematology,bacciloscopie tuberculosis,bacteriology (antimicrobial),sero-immunology,biochemistry"
private,boke,fria,clinical,Bah Mamadou Oury,clinical lab hafia djama,El Simakan. Mamy,0,Any,No,Any,They receive only the current nights,2.0,biochemistry,,,,,No,No,1.0,0.0,N / A,,0.0,N / A,0,,0,,0,,0,,,,0,0,0,1,,Guinea.boke.fria.clinical_lab_hafia_djama,0.0,0.0,0.0,1.0,0,0.0,"biochemistry,nan,nan,nan,nan"
public,boke,boke,ssa,Colonel sekoua camanra ,laboratory bab boke,master alpha boubacar diallo,1,public network,NR,Any,,1.0,serology,parasitology,biochemistry,blood transfusion,hematology,No,No,0.0,0.0,N / A,,0.0,N / A,0,,0,,0,,0,,,,0,0,0,0,N / A,Guinea.boke.boke.laboratory_bab_boke,0.0,0.0,0.0,0.0,0,0.0,"serology,parasitology,biochemistry,blood transfusion,hematology"
public,conakry,kaloum commune,cmc,Dr. Bintou Bamba,cmc lab bk,Dr. Alseny Yattara,1,public network,No,"Other or combination (specify in ""comments"")","Stabilizers, earthing",15.0,biochemistry,hematology,parasitology,bacteriology,immuno-serology,No,No,10.0,2.0,1 Yes 1 No,Technical problem,1.0,Yes,0,,0,,0,,0,,9.517203,-13.70183,0,1,1,0,"Complete blood count, Hematocrit, Hemoglobin, GR, GB, Platelet, TC, TS, blood grouping and Rh, thick Drop Test Emmel, erythrocyte sedimentation rate, Glucose, creatinine, bilirubin, transaminase, ASO, RPR, TPHA, Widal, HIV Saddles",Guinea.conakry.kaloum_commune.cmc_lab_bk,1.0,0.0,1.0,0.0,0,0.0,"biochemistry,hematology,parasitology,bacteriology,immuno-serology"
public,conakry,matam,cmc,Dr. Doussou Traore,coleah cmc labo,Djenabou Koulako Keita,1,public network,No,"Other or combination (specify in ""comments"")","UPS, stabilizers",16.0,lab management,bacteriology,hematology,biochemistry,immunology,No,No,30.0,1.0,Yes,,1.0,Yes,0,,0,,0,,0,,9.535035,-13.678447,1,1,1,1,"GE, NFS, Widal, Aslo, RPR, urinary sediment, albumin in the urine, glucose, TE, stool microscopy, TC TS",Guinea.conakry.matam.coleah_cmc_labo,1.0,1.0,1.0,1.0,0,0.0,"lab management,bacteriology,hematology,biochemistry,immunology"
public,conakry,commune of matam,cs,Dr. Diallo Hawa Fady,cs lab madina,Abdoulaye Sacko,1,public network,No,Stabilizer,,8.0,hematology,parasitology,blood biochemistry,ear,maintenance,No,No,40.0,1.0,Yes,,1.0,Yes,0,,0,,0,,0,,9.540061999999999,-13.665320000000001,0,0,1,1,"Saddles, THb, thick Drop, TE, D, albumin, sugar, NFS, Urinalysis, Blood Grouping, Widal",Guinea.conakry.commune_of_matam.cs_lab_madina,0.0,0.0,1.0,1.0,0,0.0,"hematology,parasitology,blood biochemistry,ear,maintenance"
public,conakry,commune of matam,cmc,Dr. Sekou Keita,cmc lab matam,diaminodiphenyl Ly,1,Generator,Yes,"Other or combination (specify in ""comments"")","UPS, stabilizers, generator supported by MSF",0.0,blood parasitology,biochemistry,hematology,bacteriology,,No,No,15.0,1.0,No,,1.0,Yes,0,,0,,0,,0,,9.552736,-13.651226999999999,1,1,1,1,"THb, Emmel test, sedimentation rate, red blood cells and white, BELONGING time, coagulation time, blood glucose, Widal, ASO, TDR (malaria), HIV, RPR, HBsAg, Blood Biochemistry, Biochemistry of urine, vaginal frotis , pregnancy Test, blood Grouping, Saddles",Guinea.conakry.commune_of_matam.cmc_lab_matam,0.25,0.25,0.25,0.25,0,0.0,"blood parasitology,biochemistry,hematology,bacteriology,None"
public,conakry,ratoma,cmc,Dr. Sekou Cisse Ditinn,cmc lab ratoma,Ibrahima Diallo Sorry,1,Generator,Yes,Any,,11.0,hematology,biochemistry,serology,,,No,No,0.0,1.0,Yes,,1.0,No,0,,0,,0,,0,,9.583688,-13.658206,,,,,,Guinea.conakry.ratoma.cmc_lab_ratoma,0.0,0.0,0.0,0.0,0,0.0,"hematology,biochemistry,serology,nan,nan"
public,conakry,ratoma,cs,Dr. Binta Traore,cs lab simbaya station,Bintou Dansoko,1,public network,No,Any,,6.0,hematology,parasitology,biochemistry,serology,bacteriology,No,No,15.0,0.0,N / A,,0.0,N / A,0,,0,,0,,0,,9.615463,-13.613814999999999,1,1,1,1,"Hb, TDR malaria and HIV, to emmel test, stool examination, albumin in the urine",Guinea.conakry.ratoma.cs_lab_simbaya_station,1.0,1.0,1.0,1.0,0,0.0,"hematology,parasitology,biochemistry,serology,bacteriology"
public,conakry,ratoma,cmc,Dr. Fatoumata Diallo,blazing cmc labo,Mariame Diaby,1,public network,Yes,"Other or combination (specify in ""comments"")","UPS, stabilizers, lightning rod; generator and solar panels",7.0,blood transfusion,bacteriology,biochemistry,hematology,serology,No,No,8.0,1.0,Yes,,1.0,Yes,0,,0,,0,,0,,,,1,1,1,0,"GE Widal, Stool, NFS, Glucose, Aslo, Hepatitis B, RPR, urea, creatinine, transaminase, uric acid, cholesterol and fractions biluribinemie, urinary sediment, urine dipstick Blood Grouping, HIV, serum calcium",Guinea.conakry.ratoma.blazing_cmc_labo,1.0,1.0,1.0,0.0,0,0.0,"blood transfusion,bacteriology,biochemistry,hematology,serology"
public,conakry,ratoma,cmc,Dr. Soumah Bangaly,mining cmc labo,Mamadou Billo Diallo,1,public network,Yes,"Other or combination (specify in ""comments"")","Stabilizers, lightning rod",15.0,parasitology,biochemistry,bacteriology,immunology,serology,Yes,Triple packaging,20.0,1.0,Yes,,1.0,Yes,0,,0,,0,,0,,,,1,1,1,1,"stool microscopy, GE, HB, TE, blood typing, NFS, VS, albumin, RPR TPHA, glucose, Aslo, CRP (?), rheumatoid factor (?), Widal, hematocrit, HIV, TC TS, biopsy cutatanee ( ?), urinary sediment, urine dipstick, pap smears, pregnancy tests, CD4, TDR HbS",Guinea.conakry.ratoma.mining_cmc_labo,1.0,1.0,1.0,1.0,0,1.0,"parasitology,biochemistry,bacteriology,immunology,serology"
mining company,conakry,ratoma,dispensary,Dr. Guemady Kovalyov,laboratory clinic cbk rusal,Dr. Barry Abdoul Razack,1,public network,Yes,"Other or combination (specify in ""comments"")",ups; lightning rod stabilizers; ground terminal,4.0,biochemistry,hematology,bacteriology (antimicrobial),serology,parasitology,No,No,15.0,2.0,Yes,,1.0,Yes,0,,0,,0,,0,,,,0,1,1,0,"NFS; GE; stools ECBU; Widal; Aslo; HBS; TPHA; HCV; dipstick; Blood Grouping; parasitology urine; transaminase, urea, creatinine, blood glucose levels and cholesterol fractions; uric acid; bilirubin; magnesium; calcium; complete electrolytes, alkaline phosphatase",Guinea.conakry.ratoma.laboratory_clinic_cbk_rusal,1.0,0.0,1.0,0.0,0,0.0,"biochemistry,hematology,bacteriology (antimicrobial),serology,parasitology"
public,faranah,kissidougou,cs,Loua Niankoë Fassou,cs lab yende,Fadama Diallo ,0,Any,No,Any,,2.0,hematology,bacteriology,parasitology,biosecurity,,No,No,10.0,1.0,Yes,,0.0,N / A,0,,0,,0,,0,,8.88648,-10.170802,1,0,1,1,"TDR THb, Widal, AFB, RPR, stools, urine",Guinea.faranah.kissidougou.cs_lab_yende,0.0,1.0,1.0,1.0,0,0.0,"hematology,bacteriology,parasitology,biosecurity,None"
public,faranah,kissidougou,hp,Dr. Traore Dan,hp labs kissidougou,Jeremiah Niankoye Haba,1,Solar energy,Yes,Stabilizer,UPS,17.0,lab management,biochemistry,hematology,bacteriology,serology,Yes,Triple packaging,30.0,2.0,No,Breakdown,3.0,"Other (specify in ""comments"")",0,,0,,1,Only in cases of HIV,0,,9.197805,-10.104365,0,1,1,1,"Saddles, GE, NFS, Albumin, Glucose, urinalysis, blood glucose, RPR / TPHA, ASO, CRP, Toxo Plasmose, HBsAg, Hepatitis C, Creatinine, Urea Blood Transaminases, cholesterol, uric acid, TE, Widal, VS, Bulking blood, pregnancy Test, Rivalta, HIV, FCV, Semen, Spit, Calcium",Guinea.faranah.kissidougou.hp_labs_kissidougou,1.0,0.0,1.0,1.0,0,1.0,"lab management,biochemistry,hematology,bacteriology,serology"
public,faranah,faranah,hr,Dr. Diallo Mamadou,hr faranah lab,Sovogui Ibrahima,1,Solar energy,No,Taken from the ground,,11.0,lab management,quality assurance,biochemistry,bacteriology,immunology,Yes,triple packaging,20.0,2.0,1 Yes 1 No,vetuste,1.0,Yes,0,,0,,0,,0,,10.041437,-10.739678,1,1,1,1,"stools; TDR; Hb; urinalysis; Albumin; glucose; urea; Transaminase; creatinine; Aslo; Widal; RPR; TE; NFS; VS; HBsAg, HBcAg; Skin biopsy; HIV; Blood Grouping; serum calcium, uric acid",Guinea.faranah.faranah.hr_faranah_lab,1.0,1.0,1.0,1.0,0,1.0,"lab management,quality assurance,biochemistry,bacteriology,immunology"
public,faranah,faranah,cs,Marie sidibe,csu lab abattoir,Kaba 1 Douno,1,public network,No,Any,,11.0,bacteriology,parasitology,biochemistry,hematology,serology,No,No,20.0,1.0,Yes,,0.0,N / A,0,,0,,0,,0,,10.043083,-10.74033,1,1,1,1,"stool Hb; Widal; RPR; Blood Grouping TE; Albuminerie; TDR, urinary sediment",Guinea.faranah.faranah.csu_lab_abattoir,1.0,1.0,1.0,1.0,0,0.0,"bacteriology,parasitology,biochemistry,hematology,serology"
public,faranah,dabola,hp,Dr. Drame Mamadou,hp labs dabola,Sylla Mamadouba,1,public network,Yes,Stabilizer,,7.0,lab management,biochemistry,hematology,immunology,biosecurity,Yes,triple packaging,10.0,1.0,Yes,,1.0,Yes,0,,0,,0,,0,,10.731488,-11.060955,0,1,1,1,stools; skin biopsy; Parasitology urine; GE; Hb; NFS TE; VS; TC / TS Glucose; chemistry urine; Pregnancy Test; Rivalta; HIV; Widal; RPR; HBsAg; AcHcv; Aslo; blood typing; urinalysis; the ECB PUS; CSF; Pap Smear,Guinea.faranah.dabola.hp_labs_dabola,1.0,0.0,1.0,1.0,0,1.0,"lab management,biochemistry,hematology,immunology,biosecurity"
public,faranah,dabola,cs,Kaba Mohamed Habib,cs lab dabola,mamy Zaoro 1,1,public network,Yes,Any,,3.0,infection,hematology,bacteriology,immunology,parasitology,No,No,50.0,2.0,Yes,,0.0,N / A,0,,0,,0,,0,,10.744802,-11.108103,1,1,1,1,stools; GE; TDR; Hb; RPR; Widal; urinalysis; NFS; TE; Glucose,Guinea.faranah.dabola.cs_lab_dabola,1.0,1.0,1.0,1.0,0,0.0,"infection,hematology,bacteriology,immunology,parasitology"
public,faranah,dinguiraye,hp,Dr. Aboulaye sy,hp labs dinguiraye,Sakouvogui Siba,1,public network,Yes,UPS,,9.0,biochemistry,hematology,bacteriology,parasitology,virology,No,No,20.0,2.0,1 Yes 1 No,manual,1.0,No,0,,0,,0,,0,,11.290165,-10.718772999999999,1,1,1,1,"stools; albumin; Urinalysis, pregnancy test transaminase; Hb, glucose; RPR; NFS; Creatinine; sedimentation rate; TE; urea; ASLO; Widal; CRL HIV sputum, blood grouping; spermogram; serum calcium; vaginal secretions; skin biopsy; TC / TS",Guinea.faranah.dinguiraye.hp_labs_dinguiraye,1.0,1.0,1.0,1.0,0,0.0,"biochemistry,hematology,bacteriology,parasitology,virology"
mining company,faranah,dinguiraye,dispensary,Dr. bourlaye keita,clinical laboratory fayala of lero,sylla ibrahima,1,Other,Yes,"Other or combination (specify in ""comments"")",ups; lightning rod stabilizers; ground terminal,3.0,biochemistry,hematology,parasitology,serology,bacteriology,No,No,15.0,1.0,Yes,,1.0,Yes,0,,0,,1,,0,,11.744532000000001,-10.045235,0,1,1,0,"Hb, NFS, vs; TE, blood sugar; albumin; Aslo; Widal; CRP; creatinine; urea; transaminases; bilirubin; Uric acid; calcium; urinalysis; amylase, alkaline phosphatase; HIV; BW",Guinea.faranah.dinguiraye.clinical_laboratory_fayala_of_lero,1.0,0.0,1.0,0.0,0,0.0,"biochemistry,hematology,parasitology,serology,bacteriology"
public,faranah,kissidougou,cs,Kourouma Lancinet,cs lab heremakono,Yansane Aminata,0,Any,No,Taken from the ground,,4.0,bacteriology-virology,biochemistry,hematology,serology,parasitology,No,No,50.0,1.0,Yes,,0.0,N / A,0,,0,,0,,0,,,,1,0,1,1,"TDR THb, Albumin, Saddles, Widal, RPR, TE, glucose (glucose meter), Blood Grouping and Rhesus factor, Pap Smear, ASLO",Guinea.faranah.kissidougou.cs_lab_heremakono,0.0,1.0,1.0,1.0,0,0.0,"bacteriology-virology,biochemistry,hematology,serology,parasitology"
public,findia,forecayah,ssa,Doctor Colonel Terna Marah ,medical biology laboratory medical battalion infantry forecayah,yansane Aminata,0,,No,any,,2.0,biochemistry,serology,bacteriology,hematology,parasitology,NO,No,2.0,0.0,,,0.0,N / A,0,,0,,0,,0,,,,,,,,"SDW, GE / DP, KOP",Guinea.findia.forecayah.medical_biology_laboratory_medical_battalion_infantry_forecayah,0.0,0.0,0.0,0.0,0,0.0,"biochemistry,serology,bacteriology,hematology,parasitology"
public,kankan,kerouane,hp,Dr. camara Alpha,hp labs kerouane,Diakite Abass,0,Generator,Yes,lightning rod,,9.0,bacteriology (antimicrobial),biochemistry,hematology,serology,parasitology,No,No,15.0,1.0,Yes,,1.0,No,0,,0,,0,,0,,9.277698,-9.001033,1,1,1,1,stools; urinalysis; Albumin; Glucosuria; HCG; NFS; TE; GE; TC-TS; Hb; Blood Grouping; TDR RPR; Aslo; Widal; LCR; Coughing; SRV; Semen; Blood Transfusion,Guinea.kankan.kerouane.hp_labs_kerouane,1.0,1.0,1.0,1.0,0,0.0,"bacteriology (antimicrobial),biochemistry,hematology,serology,parasitology"
public,kankan,kankan,cs,Soropogui Oueret,cs lab salamani,Nabe Laye,0,Any,No,Any,,9.0,immunology,blood transfusion,bacteriology,serology,hematology,No,No,30.0,0.0,N / A,,1.0,No,0,,0,,0,,0,,10.379155,-9.293378,1,1,1,1,"Albumin, sugar, urinalysis, THb, thick Drop, TE, ASO, VS, TC, TS, RPR, Widal, HIV, Hepatitis B, TDR, skin biopsy, NFS, Vaginal frotis, Spermogram",Guinea.kankan.kankan.cs_lab_salamani,1.0,1.0,1.0,1.0,0,0.0,"immunology,blood transfusion,bacteriology,serology,hematology"
public,kankan,mandiana,hp,Dr conde sidiki,hp labs mandiana,Salimatou Bah,0,Solar energy,Yes,lightning rod,,7.0,biochemistry,bacteriology,hematology,immunology,serology,Yes,Triple packaging,15.0,1.0,Yes,,2.0,No,0,,0,,0,,0,,10.620208,-8.696904,0,1,1,1,"stool Hb; blood smear; Widal; RPR, vaginal smear; Urinalysis, TE, pregnancy test; Glucose; blood grouping; TC - TS Skin biopsy",Guinea.kankan.mandiana.hp_labs_mandiana,1.0,0.0,1.0,1.0,0,1.0,"biochemistry,bacteriology,hematology,immunology,serology"
public,kankan,mandiana,cs,Mamadouba Yansane,csu lab mandiana,Mathos Zaty Lamah,0,Any,No,Any,,5.0,bacteriology,serology,hematology,biochemistry,virology,No,No,20.0,0.0,N / A,,0.0,N / A,0,,0,,0,,0,,10.632357,-8.696297,1,1,1,1,"Hb; TDR, RPR, Widal;. Stool; albumin; glucose; microfilariae research; HBsAg: SRV, blood typing, pregnancy test, sputum (AFB) TE; NFS rivalta; research BH; semen analysis",Guinea.kankan.mandiana.csu_lab_mandiana,1.0,1.0,1.0,1.0,0,0.0,"bacteriology,serology,hematology,biochemistry,virology"
public,kankan,kouroussa,cs,Aboubacar Ibrahima Bah,cs lab kouroussa,Haba Paul,0,Any,No,Any,,1.0,sample collection,blood transfusion,bacteriology,parasitology,hematology,No,No,13.0,0.0,N / A,,0.0,N / A,0,,0,,0,,0,,10.648603,-9.881663,1,1,1,1,"THb, Albumin, saddles, Widal, RPR, TE, thick Drop, NFS, TDR, HIV",Guinea.kankan.kouroussa.cs_lab_kouroussa,1.0,1.0,1.0,1.0,0,0.0,"sample collection,blood transfusion,bacteriology,parasitology,hematology"
public,kankan,kouroussa,hp,Dr Diane Amara,hp labs kouroussa,Lamine Kourouma,0,Solar energy,Yes,Stabilizer,,12.0,hematology,serology,bacteriology,biochemistry,parasitology,No,No,15.0,3.0,Yes,,4.0,"Other (specify in ""comments"")",0,,0,,0,,0,,10.649507,-9.872592,1,1,1,1,stools; urinalysis; Albumin; Glucosuria; NFS; TE; GE; TC-TS; Hb; Blood Grouping; TDR RPR; Aslo; Widal; LCR; Coughing; SRV; Blood Transfusion,Guinea.kankan.kouroussa.hp_labs_kouroussa,1.0,1.0,1.0,1.0,0,0.0,"hematology,serology,bacteriology,biochemistry,parasitology"
public,kankan,kankan,cs,Lamah Emmanuel ,cs bate nafadji lab,Kaba Noumoukè,0,Any,No,Any,,1.0,parasitology,hematology,,,,No,No,20.0,0.0,N / A,,0.0,N / A,0,,0,,0,,0,,10.662315,-9.248725,1,0,1,1,"TDR Widal, SRV, RPR, THb",Guinea.kankan.kankan.cs_bate_nafadji_lab,0.0,0.5,0.5,0.5,0,0.0,"parasitology,hematology,None,None,None"
public,kankan,siguiri,hp,Dr. Lancinet Sacko,hp siguiri laboratory,Cheick Souleymane Camara,1,Other,Yes,lightning rod,,8.0,biochemistry,immunology,hematology,bacteriology,parasitology,Yes,Triple packaging,50.0,2.0,Yes,,1.0,No,0,,0,,0,,0,,11.420392,-9.167615,0,1,1,1,"AFB, Leukocytes, Glucose, Bilirubin, THb, thick Drop, glucose, blood typing, TS, TC, Syphilis, Hepatitis B, Hepatitis C, NFS, TE, ",Guinea.kankan.siguiri.hp_siguiri_laboratory,1.0,0.0,1.0,1.0,0,1.0,"biochemistry,immunology,hematology,bacteriology,parasitology"
mining company,kankan,siguiri,hospital,Dr. Frederic Maghoma,hospital laboratory sag siguiri,Dr. ANKE BINDER,1,Other,Yes,"Other or combination (specify in ""comments"")",ups; lightning rod stabilizers; ground terminal,7.0,immunology,parasitology,biochemistry,hematology,molecular biology,Yes,triple packaging,30.0,2.0,Yes,,5.0,Yes,1,,0,,1,,1,,11.548969999999999,-9.309894,0,1,1,0,"complete blood count; Reticulocytes; VS; TE; INR, prothrombin, for malaria, blood grouping; glycated Hemoglobin; CRP, CD4 count, viral load; albumin, alkaline phosphatase, amylase, uric acid, bilirubin; calcium; creatinine phosphokinase (CPK), total cholesterol; (Na K Cl); fructosamine; GOT / AST, GPT; / ALT, GGT, glucose, HDL; LDH; Magnesium; inorganic phosphate; Triglycerides; urea; HIV, hepatitis B and C; BW; Widal; Aslo; PCR (DNA research or viral RNA)",Guinea.kankan.siguiri.hospital_laboratory_sag_siguiri,1.0,0.0,1.0,0.0,1,1.0,"immunology,parasitology,biochemistry,hematology,molecular biology"
public,kankan,siguiri,cs,Camara Abdoul Karim,cs lab doko,Oumar Dabo,0,Generator,Yes,Any,,2.0,bacteriology,biochemistry,serology,parasitology,hematology,No,No,10.0,1.0,Yes,,0.0,N / A,0,,0,,0,,0,,11.785252,-8.969847999999999,0,0,1,1,"thick film, THb, Widal, BW, blood grouping and Rh factor, urinary strip, Albumin",Guinea.kankan.siguiri.cs_lab_doko,0.0,0.0,1.0,1.0,0,0.0,"bacteriology,biochemistry,serology,parasitology,hematology"
public,kankan,kankan,hr,Dr. Keita Fode,hr kankan lab,Camara Issa,1,Generator,Yes,lightning rod,,14.0,biochemistry,hematology,biosecurity,quality control,bacteriology,No,No,60.0,4.0,"Other (specify in ""comments"")",Breakdown,2.0,Yes,0,,0,,1,Functional,0,,,,0,1,0,0,"NFS, THb, TE, thick Drop, glucose, blood typing, TS, TC, urea, cholesterol, creatinine, transaminases",Guinea.kankan.kankan.hr_kankan_lab,1.0,0.0,0.0,0.0,0,0.0,"biochemistry,hematology,biosecurity,quality control,bacteriology"
private,kankan,siguiri,laboratory,Traore Mamadou,analysis lab biomedical friendship,Nabe Mamadou,1,public network,Yes,Stabilizer,"In addition to the public network, they have a generator",6.0,antibiogramme,serology,bacteriology,hematology,parasitology,No,No,20.0,1.0,Yes,,1.0,Yes,0,,0,,0,,0,,,,1,1,1,1,,Guinea.kankan.siguiri.analysis_lab_biomedical_friendship,1.0,1.0,1.0,1.0,0,0.0,"antibiogramme,serology,bacteriology,hematology,parasitology"
public,kankan,faranah,ssa,Dr CAMARA Bandjou,labassa baf,C Jean Pierre Delamou,0,Any,No,No,,1.0,recycling laboratory,,,,,NO,No transport box ,3.0,0.0,,,0.0,,0,,0,,0,,0,,,,1,1,1,0,"Drop thick, Widal HIV stools",Guinea.kankan.faranah.labassa_baf,1.0,1.0,1.0,0.0,0,0.0,"recycling laboratory,nan,nan,nan,nan"
public,kankan,kankan,ssa,Doctor sergeant aboubacar DIALLO,lapissa 3iem rm kankan,Biologist Albert lamah 2nd class,0,Any,Auune,Any,,23.0,biochemistry,biosecurity,parasitology,hematology,bacteriology,NO,No,15.0,2.0,Yes,1 failure ,0.0,,0,,0,,0,,0,,,,,,,,,Guinea.kankan.kankan.lapissa_3iem_rm_kankan,0.0,0.0,0.0,0.0,0,0.0,"biochemistry,biosecurity,parasitology,hematology,bacteriology"
public,kindia,forekaria,cs,Nanfadima Conde,csu lab forekaria,Aissata Camara,1,public network,No,Any,Only in the rainy season there is electricity,3.0,hematology,bacteriology,biochemistry,serology,parasitology,No,No,12.0,0.0,N / A,,0.0,N / A,0,,0,,0,,0,,9.43149,-13.090247,1,1,0,0,TDR HIV,Guinea.kindia.forekaria.csu_lab_forekaria,1.0,1.0,0.0,0.0,0,0.0,"hematology,bacteriology,biochemistry,serology,parasitology"
public,kindia,forekaria,hp,Dr. Elhadj Mamoudou Cisse,hp labs forekaria,Mohamed Soumah,1,public network,Yes,"Other or combination (specify in ""comments"")","Stabilizer, lightning rod, no generator, they have solar panels and the public network serves the hospital in the rainy season",7.0,hematology,parasitology,biochemistry,bacteriology,blood transfusion,No,No,8.0,1.0,Yes,,0.0,Yes,0,,0,,0,,0,,9.431525,-13.090437,1,1,1,1,"NFS, GE, THb, Parasitology stool and urine, Widal, BW or PRP, blood transfusion, blood biochemistry, Biochemistry urine, glucose, HBsAg, Hepatitis C, HIV, vaginal secretion, urine culture, TDR (malaria)",Guinea.kindia.forekaria.hp_labs_forekaria,1.0,1.0,1.0,1.0,0,0.0,"hematology,parasitology,biochemistry,bacteriology,blood transfusion"
public,kindia,forekariah,cs,Ansoumane Cisse,cs lab maferinyah,Soryba Camara,1,public network,No,Taken from the ground,Electricity about half of the day,9.0,biochemistry,serology,sample packaging,hematology,sample,No,No,10.0,1.0,Yes,,0.0,N / A,0,,0,,0,,0,,9.547704,-13.285882,1,1,0,1,"Saddles, THb, thick Drop, SRV, White Blood Cell, Grouping, Spit, VS, Pregnancy Test, TDR, NFS",Guinea.kindia.forekariah.cs_lab_maferinyah,1.0,1.0,0.0,1.0,0,0.0,"biochemistry,serology,sample packaging,hematology,sample"
public,kindia,coyah,cs,Michel Tinguiano,labo health computer sanoyah (km 36) - according to the dps coyah it is planned to develop and make a cmc,Abdoul Karim Bangoura,1,public network,No,Any,frequent power cuts,7.0,biochemistry,laboratory techniques,hematology,bacteriology,serology,No,No,20.0,0.0,N / A,,0.0,N / A,0,,0,,0,,0,,9.704025,-13.498397,1,1,1,1,"TDR THb, albumin, glucose, Saddles, SRV, Widal, RPR",Guinea.kindia.coyah.labo_health_computer_sanoyah_(km_36)_-_according_to_the_dps_coyah_it_is_planned_to_develop_and_make_a_cmc,1.0,1.0,1.0,1.0,0,0.0,"biochemistry,laboratory techniques,hematology,bacteriology,serology"
public,kindia,coyah,hp,Dr. David Azoko,hp labs coyah,Ouo Damey,1,public network,No,Taken from the ground,,32.0,bacteriology,biochemistry,hematology,immunology,lab management,No,No,25.0,1.0,No,Bad condition,1.0,Yes,0,,0,,0,,0,,9.706859,-13.392595000000002,1,1,1,0,"Urinalysis (urine sediment), NFS, THb, VS, TE, TS, TC, thick Drop TDR Coprology, Glucose, Sero immunology, Widal, RPR, ASO, HBsAg, HIV ",Guinea.kindia.coyah.hp_labs_coyah,1.0,1.0,1.0,0.0,0,0.0,"bacteriology,biochemistry,hematology,immunology,lab management"
public,kindia,coyah,cs,Mamadou Dian Barry,cs lab fily,Hadja Fatoumata Barry,0,Any,No,Any,,4.0,hematology,parasitology,biosecurity,bacteriology,serology,No,No,20.0,0.0,N / A,,0.0,N / A,0,,0,,0,,0,,9.710669000000001,-13.379326,0,1,1,1,"thick film, THb, GB, NFS, Widal, Glucose, seats, HIV",Guinea.kindia.coyah.cs_lab_fily,1.0,0.0,1.0,1.0,0,0.0,"hematology,parasitology,biosecurity,bacteriology,serology"
public,kindia,coyah,cs,Daloba Mara,cs lab maneah,Elise Lamah,1,public network,No,Any,,0.0,biosecurity,serology,parasitology,bacteriology,hematology,No,No,20.0,0.0,N / A,,0.0,N / A,0,,0,,0,,0,,9.719385,-13.411198,1,1,1,1,"TDR, THb, Thick blood, stools, Widal, albumin, HIV",Guinea.kindia.coyah.cs_lab_maneah,0.25,0.25,0.25,0.25,0,0.0,"biosecurity,serology,parasitology,bacteriology,hematology"
public,kindia,dubreka,cs,Louis Thea,csu lab dubreka,Aissatou Fadja Diallo,1,public network,No,Any,,4.0,parasitology,ebola,biosecurity,bacteriology,hematology,No,No,3.0,1.0,No,,0.0,N / A,0,,0,,0,,0,,9.79,-13.53,0,0,1,0,"blood grouping, Albumin, Widal, glucose, thick Drop, Saddles",Guinea.kindia.dubreka.csu_lab_dubreka,0.0,0.0,1.0,0.0,0,0.0,"parasitology,ebola,biosecurity,bacteriology,hematology"
public,kindia,dubreka,hp,Dr. Sekou Bakayoko,hp labs dubreka,Bountouraby Keita,1,public network,Yes,"Other or combination (specify in ""comments"")","stabilizer and lightning rod, a generator serving lab and radio, the public network works well enough during the rainy season",20.0,blood biochemistry,hematology,bacteriology,serology,immunology,No,No,20.0,1.0,Yes,,1.0,Yes,0,,0,,0,,0,,9.790622,-13.526892000000002,1,0,1,1,"THb, Red Cells, White Blood Cell, Test Emmel, VS, TS, TC, glucose, Saddles, TDR (malaria), thick Drop, TDR (trypanosomiasis), Widal, RPR, HBsAg, ASO, Blood Grouping",Guinea.kindia.dubreka.hp_labs_dubreka,0.0,1.0,1.0,1.0,0,0.0,"blood biochemistry,hematology,bacteriology,serology,immunology"
public,kindia,kindia,cs,Dr. Mouctar Diallo,cs lab mambia,Sangare Sira,1,public network,No,Any,,2.0,parasitology,bacteriology,hematology,serology,biosecurity,No,No,2.0,1.0,Yes,,0.0,N / A,0,,0,,0,,0,,9.83,-13.11,,,,,,Guinea.kindia.kindia.cs_lab_mambia,0.0,0.0,0.0,0.0,0,0.0,"parasitology,bacteriology,hematology,serology,biosecurity"
public,kindia,kindia,cs,Alpha Ousmane Barry,cs lab manquepas,Jean Felix Haba,1,public network,Yes,Any,,9.0,hematology,biochemistry,bacteriology,serology,parasitology,No,No,15.0,2.0,Yes,,0.0,N / A,0,,0,,0,,0,,10.047,-12.86,1,1,1,1,"Thick film, THb, Widal, Saddle, Glucose, TDR, albumin, HIV, RPR, HCG",Guinea.kindia.kindia.cs_lab_manquepas,1.0,1.0,1.0,1.0,0,0.0,"hematology,biochemistry,bacteriology,serology,parasitology"
public,kindia,kindia,hr,Dr Bacary Conde,lab hr kindia,Mamadou Malick Bah (Interim),1,public network,Yes,"Other or combination (specify in ""comments"")","UPS, stabilizer; there are solar panels but only blood bank; fequentes cuts",18.0,biochemistry,serology,hematology,bacteriology,parasitology,No,No,50.0,1.0,Yes,,0.0,N / A,0,,0,,0,,0,,10.047297,-12.860032,1,1,1,0,"Biochemistry of urine, THb, red and White Blood Cell, Goute thick, TS, TC, Saddles, Emel Test, Grouping, Syphilis, ASO, Widal, HIV Toxo plasmose",Guinea.kindia.kindia.lab_hr_kindia,1.0,1.0,1.0,0.0,0,0.0,"biochemistry,serology,hematology,bacteriology,parasitology"
public,kindia,telimele,cs,Alpha Ibrahima Diallo,cs lab sinta,Mamadou Saliou Balde,1,Solar energy,No,"Other or combination (specify in ""comments"")","Lightning, earthing",3.0,parasitology,bacteriology,hematology,biochemistry,serology,No,No,6.0,0.0,N / A,,0.0,N / A,0,,0,,0,,0,,10.69924,-12.9755,0,1,1,1,"THb, thick Drop, Widal, Saddle, sputum, urine chemistry, pregnancy test, HIV, Cytology urine",Guinea.kindia.telimele.cs_lab_sinta,1.0,0.0,1.0,1.0,0,0.0,"parasitology,bacteriology,hematology,biochemistry,serology"
public,kindia,telimele,hp,Dr. Oni Maurice Beavogui,hp labs telimele,Aliou Sow Bailo,1,public network,Yes,"Other or combination (specify in ""comments"")","UPS, stabilizer, lightning rod, grounding; there is max electricity moist of the day",13.0,hematology,biochemistry,bacteriology,parasitology,blood transfusion,No,No,6.0,3.0,Yes,,1.0,No,0,,0,,0,,0,,10.906827,-13.08431,0,1,0,0,"NFS, TE, TC, TS, Grouping, Glucose, Albumin, Sugar, urinalysis, parasitology stool, GE, skin Bioptie, syphilis, ASO, HIV",Guinea.kindia.telimele.hp_labs_telimele,1.0,0.0,0.0,0.0,0,0.0,"hematology,biochemistry,bacteriology,parasitology,blood transfusion"
public,kindia,telimele,cs,Assiatou Barry,csu lab telimele,Mohamed Adoulaye Diallo,1,public network,No,Any,The public network only works irregularly,6.0,serology,biosecurity,parasitology,bacteriology,hematology,No,No,10.0,1.0,No,,0.0,N / A,0,,0,,0,,0,,10.907373,-13027515.0,1,1,1,1,"thick blood, THb, Widal, urine chemistry, sputum, HIV, HBS Antigen, TG, Saddles, TDR",Guinea.kindia.telimele.csu_lab_telimele,1.0,1.0,1.0,1.0,0,0.0,"serology,biosecurity,parasitology,bacteriology,hematology"
mining company,kindia,kindia,clinical,Sylla Nabie,clinic lab cbk debele,Sow Mamadou,1,Other,No,lightning rod,Electricity is provided by the network of the city,1.0,biochemistry,parasitology,bacteriology,,,No,No,7.0,1.0,Yes,,1.0,Yes,1,,1,,1,,1,,,,0,1,0,0,"NFS, VS, GE, Aslo, Saddle, Urine, blood sugar, HIV, GA, GS, Hepatitis B, TE",Guinea.kindia.kindia.clinic_lab_cbk_debele,1.0,0.0,0.0,0.0,1,0.0,"biochemistry,parasitology,bacteriology,nan,nan"
public,kindia,kindia,ssa,doctor commander kenda diallo ,lapissa main laboratory military health service,LOUA Henry phampil ,1,public network,no,any,,14.0,hematology,bacteriology,biosecurity,,,Yes,No,5.0,2.0,Yes,,0.0,N / A,0,,0,,0,,0,,,,,,,,,Guinea.kindia.kindia.lapissa_main_laboratory_military_health_service,0.0,0.0,0.0,0.0,0,1.0,"hematology,bacteriology,biosecurity,nan,nan"
public,labe,labe center,hr,Dr. Sall Ataoulaye,hr lab labe,Dr. Bafode Conde,1,public network,Yes,"Other or combination (specify in ""comments"")","Ups Broken inverter, stabilizer belonging to the laboratory manager ",18.0,bacteriology (antimicrobial),hematology,serology,biochemistry,parasitology,Yes,Triple packaging available,10.0,1.0,No,Technical issues,2.0,Yes,0,,0,,1,,0,,11.318402,-12285279.0,0,1,1,1,"Aslo, blood typing, RPR / TPHA, TDR HIV, Toxoplasmosis, TDR HbS, TDR hepatitis C Widal, Glucose,, Creatinine, Cholesterol total / LDL / HDL, Triglycerides, Transaminases, Urea blood, uric acid, calcium, magnesium levels, ECBU , ECBSV, ECB pus, GE (dp), TE, TS TC; NFS; HEMOGLOBIN; microfilaria; STOOL Transfusion STRIP URINARY",Guinea.labe.labe_center.hr_lab_labe,1.0,0.0,1.0,1.0,0,1.0,"bacteriology (antimicrobial),hematology,serology,biochemistry,parasitology"
public,labe,labe,cs,Bandia Syline,cs-lab ley saare,Fatoumata Binta Bah,1,Solar energy,Yes,lightning rod,,3.0,hematology,virology,parasitology,serology,biosecurity,No,No,0.0,1.0,Yes,,0.0,N / A,0,,0,,0,,0,,11.320253999999998,-12.282071,1,1,0,1,"TDR, hemoglobin, albumin, PMCT (HIV), RPR",Guinea.labe.labe.cs-lab_ley_saare,0.0,0.0,0.0,0.0,0,0.0,"hematology,virology,parasitology,serology,biosecurity"
public,labe,labe,cs,Fatoumata Dalanda Diallo,cs lab daka,Ibrahima Balde Fissiry,0,Any,No,Any,,3.0,parasitology,hematology,biochemistry,serology,bacteriology,No,No,4.0,1.0,Yes,,0.0,N / A,0,,0,,0,,0,,11.43,-12.11,1,0,1,1,"Hemoglobin, TDR, thick Drop RPR (syphilis), Albumin, seats, vaginal smear, urinary Fitting, Widal, urinary strip",Guinea.labe.labe.cs_lab_daka,0.0,1.0,1.0,1.0,0,0.0,"parasitology,hematology,biochemistry,serology,bacteriology"
public,labe,lelouma,hp,Dr. Yamoussa Bassika Bangoura,hp labs lelouma,Thierno Sadou Camara,0,Solar energy,No,lightning rod,Solar panels just for the refrigerator supply,4.0,biochemistry,bacteriology,serology,hematology,parasitology,No,No,5.0,2.0,1 Yes 1 No,The electric centrifugieuse does not work for lack of power,3.0,"Other (specify in ""comments"")",0,,0,,0,,0,,11.430577,-12.683847,1,1,1,1,"Hemoglobin, blood typing, albumin, Widal, glucose, thick film, TDR HIV Aslo",Guinea.labe.lelouma.hp_labs_lelouma,1.0,1.0,1.0,1.0,0,0.0,"biochemistry,bacteriology,serology,hematology,parasitology"
public,labe,lelouma,cs,Ataoulaye Diallo,csu lab lelouma,Abdoulaye Diallo,0,,No,Any,Acune energy source,1.0,hematology,parasitology,bacilloscopy tuberculosis,bacteriology,serology,No,No,0.0,0.0,,,0.0,,0,,0,,0,,0,,11.431311,-12.683072,0,0,0,0,Examining only realized in this laboratory is examining sputum for TB screening,Guinea.labe.lelouma.csu_lab_lelouma,0.0,0.0,0.0,0.0,0,0.0,"hematology,parasitology,bacilloscopy tuberculosis,bacteriology,serology"
public,labe,tougue,hp,Dr. Habib Sagnane,hp labs tougue,Abdoullaye Balde,0,public network,Yes,"Other or combination (specify in ""comments"")","UPS, stabilizer, lightning rod; generator failed, a panel is just the fridge",5.0,hematology,bacteriology,biochemistry,parasitology,serology,No,No specific packaging,10.0,2.0,1 Yes 1 No,Centrifuge nonfunctional electric power shortage,3.0,1 Yes 1 No,0,,0,,0,,0,,11.439689,-11.663432,0,1,1,1,"Parasitology stool, hemoglobin, thick film, blood count, bleeding time, clotting time, sedimentation velocity of the red cells, Widal, RPR, TDR HIV Aslo, TDR HBsAg, Chemistry of urine, urine culture, HCG (pregnancy test ), Rivalta, TB, glucose ",Guinea.labe.tougue.hp_labs_tougue,1.0,0.0,1.0,1.0,0,0.0,"hematology,bacteriology,biochemistry,parasitology,serology"
public,labe,lelouma,cs,Abdourahimi Maleah Diallo,cs lab lafou,Abdourahimi Maleah Diallo,0,Solar energy,No,"Other or combination (specify in ""comments"")","Stabilizer, earthing; solar energy is right for EPI",2.0,"the head of the center is also responsible for the lab said it did not need training, his concern is to have a staff fixed holder in the lab",,,,,No,No,6.0,0.0,N / A,,0.0,N / A,0,,0,,0,,0,,11.579938,-12.46152,0,0,0,0,Sputum and stool,Guinea.labe.lelouma.cs_lab_lafou,0.0,0.0,0.0,0.0,0,0.0,"the head of the center is also responsible for the lab said it did not need training, his concern is to have a staff fixed holder in the lab,nan,nan,nan,nan"
public,labe,koubia,hp,Dr. Pascal Djiba Camara,hp labs koubia,Fatoumata Balde Batoury,0,Solar energy,Yes,Any,"Solar panels just to supply the refrigerator, there is a generator at the hospital that serves only to caesarean sections",5.0,hematology,biochemistry,bacteriology,serology,parasitology,No,No,6.0,1.0,Yes,,3.0,No,0,,0,,0,,0,,11.588973,-11.897174,1,1,1,1,"Hemoglobin, TS, TC, TE, GE, HBs antigen, testing of large, Widal, ASO, TPHA, VS, stool and urine microscopy",Guinea.labe.koubia.hp_labs_koubia,1.0,1.0,1.0,1.0,0,0.0,"hematology,biochemistry,bacteriology,serology,parasitology"
private,labe,mali,cs,Dr. Gabriel Doufangadouno,cs lab yimberen,Hadja Kadiatou Diallo (the lab was built by her and she supports its operation),0,Generator,Yes,Stabilizer,microscope supply for group,3.0,bacilloscopy tuberculosis,malaria,hematology,serology,bacteriology,No,No,2.0,1.0,Yes,,0.0,N / A,0,,0,,0,,0,,11.815032,-12.350151,0,1,1,1,"Complete Blood Count, Reviews of stools, Drop, hemoglobin, hemoglobin, Emmel test, BELONGING time, coagulation time, Widal, glucose, urinalysis, SRV, Albumin, BW (RPR), sputum examination ",Guinea.labe.mali.cs_lab_yimberen,1.0,0.0,1.0,1.0,0,0.0,"bacilloscopy tuberculosis,malaria,hematology,serology,bacteriology"
public,labe,mali,hp,Dr. Djiba Diallo,hp labs mali,Mamadou Aliou Souare,1,Generator,Yes,"Other or combination (specify in ""comments"")","UPS, stabilizer, lightning rod",6.0,biochemistry,antibiogramme,immunology,bacteriology,virology,No,No,10.0,1.0,No,technical issues,1.0,Yes,0,,0,,0,,0,,12.068484,-12.293811,1,1,1,0,"Saddles, NFS, Haemostasis, VS, GE, Smear, TDR, TE, ASO, IL, TPHA, HIV, Grouping, glucose, liver tests, urinalysis, urine chemistry, ECB secretion, Bacteriology, ECB CSF chemistry CSF Coughing",Guinea.labe.mali.hp_labs_mali,1.0,1.0,1.0,0.0,0,0.0,"biochemistry,antibiogramme,immunology,bacteriology,virology"
public,labe,labe,ssa,Doumbouya commander doctor,laoratoire infirmary labe (lapissa),2nd HABA Grandpa Maurice class ,1,public network,,Any,,5.0,biochemistry,serology,parasitology,immunology,hematology,Yes,No,2.0,0.0,,,0.0,,No2,,No2,,No2,,No2,,,,,,,,,Guinea.labe.labe.laoratoire_infirmary_labe_(lapissa),0.0,0.0,0.0,0.0,0,1.0,"biochemistry,serology,parasitology,immunology,hematology"
public,mamou,mamou,hr,Dr. Abdoulaye Kader Camara,lab hr mamou,Ibrahima Fofana,1,public network,Yes,"Other or combination (specify in ""comments"")","UPS, stabilizer, lightning rod, grounding",10.0,biochemistry,bacteriology,immunology,hematology,parasitology,No,No,50.0,0.0,N / A,,2.0,Yes,0,,0,,0,,0,,10.37594,-1208705.0,1,1,1,1,"Semen analysis, RPR TPHA, ASO, HBs, Pregnancy test, blood count, hematocrit, hemoglobin, Emmel, microscopy feces, urine strips, parasitology urine, blood sugar",Guinea.mamou.mamou.lab_hr_mamou,1.0,1.0,1.0,1.0,0,0.0,"biochemistry,bacteriology,immunology,hematology,parasitology"
public,mamou,mamou,cs,Abdourahamane Tata Diallo,cs lab sabou,Cece Paquile Balamou,1,public network,No,Taken from the ground,,4.0,hematology,serology,parasitology,bacteriology,immunology,No,No,10.0,1.0,Yes,,0.0,N / A,0,,0,,0,,0,,10.387645,-12.074002,1,1,1,0,"HIV TDR Saddles, glucose, Widal",Guinea.mamou.mamou.cs_lab_sabou,1.0,1.0,1.0,0.0,0,0.0,"hematology,serology,parasitology,bacteriology,immunology"
public,mamou,mamou,cs,Ismael Camara,cs lab timbo,Aboubacar Dioubate,0,Any,Yes,Any,"The generator does not work, there is a non-functional panel",1.0,hematology,bacteriology,biochemistry,serology,parasitology,No,No,1.0,2.0,1 Yes 1 No,electric current lack,0.0,N / A,0,,0,,0,,0,,10.63919,-11.826093,0,1,0,0,"SRV, TB, Albumin, Saddles",Guinea.mamou.mamou.cs_lab_timbo,1.0,0.0,0.0,0.0,0,0.0,"hematology,bacteriology,biochemistry,serology,parasitology"
public,mamou,dalaba,hp,Dr. Abdoulaye Saliou Diallo,hp labs dalaba,Hadja Binta Barry,1,public network,No,"Other or combination (specify in ""comments"")",stabilizer and lightning rod; electricity is not stable in the dry season,5.0,biosecurity,biochemistry,bacteriology,serology,hematology,No,No,20.0,1.0,Yes,,1.0,Yes,0,,0,,0,,0,,10.691967,-12.249348,0,0,1,1,"NFS, urinary, vaginal Secretion Base, parasitological examination of stool, RPR / TPHA, ASO, Widal, Blood Grouping and rhesus factor, skin Bropsi (daytime), BELONGING time and clotting time, thick Drop, Blood Sugar ",Guinea.mamou.dalaba.hp_labs_dalaba,0.0,0.0,1.0,1.0,0,0.0,"biosecurity,biochemistry,bacteriology,serology,hematology"
public,mamou,dalaba,cs,Patrice Onivogui,csu lab dalaba,Abou Camara,1,public network,No,Any,,3.0,biochemistry,hematology,biosecurity,parasitology,serology,No,No,8.0,1.0,Yes,,0.0,N / A,0,,0,,0,,0,,10.692203,-12.251007000000001,1,1,1,1,"Search Baccil resistant alkaloids (AFB), TDR, Drop Thick (rarely), Widal, Saddle, White Blood Cell (GB), TPHA, HIV, THb",Guinea.mamou.dalaba.csu_lab_dalaba,1.0,1.0,1.0,1.0,0,0.0,"biochemistry,hematology,biosecurity,parasitology,serology"
public,mamou,pita,cs,Moussa Camara,pita csu lab,Alpha Oumar Diallo,1,public network,No,Stabilizer,,3.0,bacteriology,hematology,parasitology,serology,immunology,No,No,15.0,1.0,Yes,,0.0,N / A,0,,0,,0,,0,,11.061615,-12.398185,1,0,0,1,"TDR, hemoglobin, albumin, seats, thick Drop",Guinea.mamou.pita.pita_csu_lab,0.0,1.0,0.0,1.0,0,0.0,"bacteriology,hematology,parasitology,serology,immunology"
public,mamou,pita,hp,Dr Mamadou Pathe Barry,hp pita lab,Dr Mamadou Palle Diallo,1,public network,Yes,"Other or combination (specify in ""comments"")","Stabilizer, lightning rod, earthing; electricity 24h / 24h but regular breaks during low water",8.0,hematology,bacteriology,serology,blood biochemistry,immunology,No,No,25.0,2.0,Yes,,3.0,Yes,0,,0,,0,,0,,11.064208,-12.393764,0,1,1,0,"NFS Thick blood, erythrocyte sedimentation rate, Haemostasis, of emmel Test, HIV, ASO, IL, Widal, Socket urinary, vaginal secretions, blood sugar, urine strips, Blood Grouping, compatibility test, stool parasitology",Guinea.mamou.pita.hp_pita_lab,1.0,0.0,1.0,0.0,0,0.0,"hematology,bacteriology,serology,blood biochemistry,immunology"
public,mamou,pita,cs,Amadou Bah Saala,cs lab timbi madina,Maimouna Bah,1,public network,No,Any,,2.0,hematology,bacteriology,serology,parasitology,biochemistry,No,No,10.0,2.0,1 Yes 1 No,Breakdown,0.0,N / A,0,,0,,0,,0,,11.202777000000001,-12.537828999999999,0,0,1,1,"Hemoglobin, Emmel test, thick drops, glucose, Saddles, albumin, sugar, urine biochemistry, Widal, RPR / TPHA, Blood Grouping, bHCG",Guinea.mamou.pita.cs_lab_timbi_madina,0.0,0.0,1.0,1.0,0,0.0,"hematology,bacteriology,serology,parasitology,biochemistry"
private,mamou,mamou,sectarian,Ouattara Zie Etienne,denominational hospital lab compassion,Guilavogui Samuel,1,Solar energy,Yes,Taken from the ground,,5.0,biochemistry,antibiogramme,parasitology,serology,hematology,No,No,50.0,3.0,Yes,,1.0,Yes,0,,0,,0,,0,,,,0,0,0,1,"NFS, VS, TC, TS, Hematocrit, Skin biopsy",Guinea.mamou.mamou.denominational_hospital_lab_compassion,0.0,0.0,0.0,1.0,0,0.0,"biochemistry,antibiogramme,parasitology,serology,hematology"
public,mamou,mamou,ssa,Medein serge fangana TRAORE,mamou independent battalion laboratory,Adjudent Abdouramane DIALLO,,,,,,0.0,,,,,,NO,No,0.0,,,,,,0,,0,,0,,0,,,,,,,,,Guinea.mamou.mamou.mamou_independent_battalion_laboratory,0.0,0.0,0.0,0.0,0,0.0,"nan,nan,nan,nan,nan"
public,n'zerekore,yomou,hp,Dr Sanoussi Sidibe,hp labs yomou,Bore Kaliva,0,Other,No,Any,"No source of operating energy, 2 non functional groups eletrogènes no fuel, nonfunctional solar panels",9.0,withdrawals,coloration,csf,,,Yes,Special Containers given Ebola shipping trouble with coolers that do not return after shipping,20.0,2.0,1 Yes 1 No,electric current lack,1.0,No,0,,0,,0,,0,,7.565662,-9.261331,1,1,1,1,"GE (TDR, microscope), Tx Hb (hemoglobin meter Sally), GB, leukocyte formula, test Emmel, direct examination of stool (parasitological), microfilariae research, urinary sediment, LCR (direct examination, Gram and Ziehl) research BK, urine strips (Biochemistry), RPR, Widal, ASO, TDR HBV, HCV TDR TDR HIV, blood grouping (serum and erythrocyte not)",Guinea.n'zerekore.yomou.hp_labs_yomou,1.0,1.0,1.0,1.0,0,1.0,"withdrawals,coloration,csf,None,None"
public,n'zerekore,n'zerekore,hr,Dr. Yamoussa Youla,hr n'zerekore lab,Thea Jean Joseph,1,Generator,Yes,"Other or combination (specify in ""comments"")","Lightning, earthing, 2 hours of electricity per day",22.0,hematology,biochemistry,blood transfusion,bacteriology,molecular biology,Yes,Triple packaging,0.0,3.0,No,"vetuste, lack of electricity",3.0,"Other (specify in ""comments"")",0,,0,,0,,1,Access clefs given by Reguilab,7.7492410000000005,-8.822701,1,1,1,1,GE; TDR forrmule leukocyte; stools; microfilaria research; urinary sediment; CRL BK; dipstick; RPR; Widal; aslo; SRV; transfusion hepatitis B and C GLYCAEMIA,Guinea.n'zerekore.n'zerekore.hr_n'zerekore_lab,0.0,0.0,0.0,0.0,1,0.0,"hematology,biochemistry,blood transfusion,bacteriology,molecular biology"
public,n'zerekore,n'zerekore,cs,Camara Michel,csu lab dorota,Aissata Koulibaly,0,,No,Any,,8.0,biochemistry,hematology,serology,bacteriology,parasitology,No,No,0.0,1.0,Yes,,0.0,,0,,0,,0,,0,,7.756512,-8.809766999999999,1,1,1,1,"Hemoglobin, saddles, albumin in urine, RPR, Widal, TBR, urinalysis, emmel of test, research microfilariae, TDR HIV, glucose (lack of strips) ",Guinea.n'zerekore.n'zerekore.csu_lab_dorota,0.0,0.0,0.0,0.0,0,0.0,"biochemistry,hematology,serology,bacteriology,parasitology"
public,n'zerekore,macenta,cs,Malick Diakite,cs lab seredou,Konomou Agatte Angeline,0,Any,No,Any,,2.0,hematology,parasitology,biosecurity,lab management,serology,No,No,10.0,1.0,Yes,,0.0,N / A,0,,0,,0,,0,,8.374683000000001,-9.284422,1,1,0,1,stools; TDR malaria; HIV; Hb; albumin; TB,Guinea.n'zerekore.macenta.cs_lab_seredou,1.0,1.0,0.0,1.0,0,0.0,"hematology,parasitology,biosecurity,lab management,serology"
public,n'zerekore,gueckedou,cs,Tolno saddle,laboratory cs nongoa,Tamba Nicola Tinguiano,0,Any,No,Any,,2.0,biochemistry,hematology,parasitology,immunology,virology,No,No,30.0,1.0,Yes,,0.0,N / A,0,,0,,0,,0,,8.504435,-10.334097,1,1,1,1,TDR malaria; GE; Albumin; Hb; Widal; RPR; stools; TDR HIV,Guinea.n'zerekore.gueckedou.laboratory_cs_nongoa,1.0,1.0,1.0,1.0,0,0.0,"biochemistry,hematology,parasitology,immunology,virology"
,n'zerekore,macenta,hospital,Dr. Ismel Bilivogui,laboratory medical center philafricaine mission,Onivogui Sosso,1,Solar energy,Yes,UPS,,7.0,blood transfusion,biochemistry,hematology,antibiogramme,immunology,No,No,30.0,2.0,Yes,,0.0,N / A,0,,0,,0,,0,,8.536802,-9.464948,0,1,1,0,"Hb; NFS; VS; YOU; Tc Ts; blood grouping; Uric acid; aminotransferase; albumin; amylase; bilirubin; creatinine; CRP, LDH, alkaline phosphatase, total protein, triglycerides, urea; Aslo; Glucose; urinary strip; research BK; Meadow; HIV, syphilis; spermogram; rivalta; CD4; pregnancy test",Guinea.n'zerekore.macenta.laboratory_medical_center_philafricaine_mission,1.0,0.0,1.0,0.0,0,0.0,"blood transfusion,biochemistry,hematology,antibiogramme,immunology"
public,n'zerekore,beyla,cs,Youssouf camara,laboratory cs diakolidou,Golden Tiame,0,Any,No,Any,,4.0,biochemistry,serology,immunology,bacteriology,parasitology,No,No,10.0,0.0,N / A,,0.0,N / A,0,,0,,0,,0,,8.687842,-8.647247,1,1,1,1,stools; urinalysis; Albumin; glycosuria; RPR; Widal; HIV; GE; TDR,Guinea.n'zerekore.beyla.laboratory_cs_diakolidou,1.0,1.0,1.0,1.0,0,0.0,"biochemistry,serology,immunology,bacteriology,parasitology"
public,n'zerekore,beyla,hp,Dr. kourouma Mamady,hp labs beyla,Tamba kamano,1,Solar energy,Yes,Any,,4.0,biochemistry,bacteriology,hematology,serology,immunology,No,No,20.0,1.0,No,manual,0.0,N / A,0,,0,,0,,0,,8.689312,-8.645897999999999,1,1,1,0,"Hb; GE; TDR malaria; stools; urine cytology; Widal; RPR; TDR HIV, HBsAg; HBcAg; blood grouping; Transaminase; uric acid, creatinine, urea; BK",Guinea.n'zerekore.beyla.hp_labs_beyla,1.0,1.0,1.0,0.0,0,0.0,"biochemistry,bacteriology,hematology,serology,immunology"
public,n'zerekore,gueckedou,hp,Dr. Kalissa N'Fansoumane,hp labs gueckedou,Mansare Oumare,1,Generator,Yes,Stabilizer,They have the power 11:30 to 16h,27.0,quality assurance,molecular biology,immunology,serology,biochemistry,No,No,20.0,1.0,Yes,,3.0,"Other (specify in ""comments"")",0,,0,,0,,0,,,,1,1,1,0,"THb, TDR Palu, GE, NFS, VS, CD4 (the MSF time), Widal, Hepatitis B and C, syphilis, HIV, ASO, TE, TS, TC, glucose, Creatinini, Transaminases, Urea, Billuribine, Triglyceride, cholesterol, alkaline phosphatase",Guinea.n'zerekore.gueckedou.hp_labs_gueckedou,1.0,1.0,1.0,0.0,0,0.0,"quality assurance,molecular biology,immunology,serology,biochemistry"
public,n'zerekore,macenta,hp,Dr. Ibrahima Kalil Savane,hp macenta lab,Diawara Bangaly,1,public network,Yes,Any,They 4h current dry season and rainy season 10am,5.0,hematology,biochemistry,bacteriology,sample collection,sero-immunology,No,No,40.0,4.0,"Other (specify in ""comments"")",Vetuste and manual,1.0,Yes,0,,0,,0,,0,,,,1,1,1,0,"Saddles, Search microfilaria, parasitology urine, THb, VS, NFS, TS, TC, TE, glucose, chemistry urine, RPR / TPHA, Blood Grouping / Factor rhesus HIV Widal, urinalysis, CSF, Semen analysis, TDR, GE",Guinea.n'zerekore.macenta.hp_macenta_lab,1.0,1.0,1.0,0.0,0,0.0,"hematology,biochemistry,bacteriology,sample collection,sero-immunology"
public,n'zerekore,gueckedou,cs,Balde Algassim,csu lab mangala,Soumaoro Mathoma,0,Any,No,Any,,3.0,bacteriology,hematology,serology,biochemistry,,No,No,10.0,0.0,N / A,,0.0,N / A,0,,0,,0,,0,,,,1,0,0,1,"THb, TDR Palu, TB, urine, albumin, Deposit, Saddles",Guinea.n'zerekore.gueckedou.csu_lab_mangala,0.0,1.0,0.0,1.0,0,0.0,"bacteriology,hematology,serology,biochemistry,nan"
public,n'zerekore,macenta,cs,Barry Mamadou Saliou,cs lab patrice,Kourouma Lancinet,0,Any,No,Any,,2.0,bacteriology,hematology,serology,biochemistry,parasitology,No,No,9.0,1.0,Yes,,0.0,N / A,0,,0,,0,,0,,,,1,0,1,1,"Widal, TDR Palu, Seats, urinalysis, pregnancy test, THb, RPR",Guinea.n'zerekore.macenta.cs_lab_patrice,0.0,1.0,1.0,1.0,0,0.0,"bacteriology,hematology,serology,biochemistry,parasitology"
public,n'zerekore,beyla,cmc,Dr. Pepe Ernest Olemou,sinko cmc labo,Samoura Mamadou,1,Solar energy,No,Any,,4.0,parasitology,hematology,serology,bacteriology,biochemistry,No,No,0.0,,,,,,No2,,No2,,No2,,No2,,,,,,,,,Guinea.n'zerekore.beyla.sinko_cmc_labo,0.0,0.0,0.0,0.0,0,0.0,"parasitology,hematology,serology,bacteriology,biochemistry"
public,n'zerekore,boola,cs,Serge Mohamed Conde,cs lab boola,Loua Alphonsine,0,Any,No,Taken from the ground,,3.0,biochemistry,hematology,parasitology,serology,,No,No,15.0,0.0,N / A,,0.0,N / A,0,,0,,0,,0,,,,1,0,0,1,"THb, Saddles, Albumin, TDR Palu",Guinea.n'zerekore.boola.cs_lab_boola,0.0,1.0,0.0,1.0,0,0.0,"biochemistry,hematology,parasitology,serology,nan"
public,n'zerekore,n'zerekore,ssa,Sergeant Alain doctor Mahamadou Bah,,LAPISSA,0,,No,any,,2.0,biochemistry,hematology,bacteriology,parasitology,biosecurity,Yes,No,3.0,1.0,Yes,,0.0,,0,,0,,0,,0,,,,,,,,,,0.0,0.0,0.0,0.0,0,1.0,"biochemistry,hematology,bacteriology,parasitology,biosecurity"
,dalaba,mamou,hn,,hn issmv dalaba,,,,,,,,,,,,,,,,,,,,,,,,,,,,,10.683956,-12.256466699999999,,,,,,Guinea.dalaba.mamou.hn_issmv_dalaba,1.0,1.0,1.0,1.0,1,1.0,"nan,nan,nan,nan,nan"
,matam,conakry,hn,,hn lfhv donka,,,,,,,,,,,,,,,,,,,,,,,,,,,,,9.537593,-13.682726,,,,,,Guinea.matam.conakry.hn_lfhv_donka,1.0,1.0,1.0,1.0,1,1.0,"nan,nan,nan,nan,nan"
,mamou,mamou,hn,,hn ist mamou,,,,,,,,,,,,,,,,,,,,,,,,,,,,,10.349319,-12.096428999999999,,,,,,Guinea.mamou.mamou.hn_ist_mamou,1.0,1.0,1.0,1.0,1,1.0,"nan,nan,nan,nan,nan"
,kindia,kindia,hn,,hn irbag kindia,,,,,,,,,,,,,,,,,,,,,,,,,,,,,10.090093,-12.841944999999999,,,,,,Guinea.kindia.kindia.hn_irbag_kindia,1.0,1.0,1.0,1.0,1,1.0,"nan,nan,nan,nan,nan"
,matam,conakry,hn,,hn chu ignace deen,,,,,,,,,,,,,,,,,,,,,,,,,,,,,9.5068,-13.705,,,,,,Guinea.matam.conakry.hn_chu_ignace_deen,1.0,1.0,1.0,1.0,1,1.0,"nan,nan,nan,nan,nan"
,forecariah,kindia,hn,,hn cfrsr maferinyah,,,,,,,,,,,,,,,,,,,,,,,,,,,,,9.33,-13.17,,,,,,Guinea.forecariah.kindia.hn_cfrsr_maferinyah,1.0,1.0,1.0,1.0,1,1.0,"nan,nan,nan,nan,nan"
