,Down and Distance text from ESPN,Down,Distance,Yardline,Poss,Quarter,Time,Team Score,Opp Score,Diff Score,Post Play Text from ESPN,Yards,"Pass: Yes=1, No=0",Passer,"Completed?: Yes=1, No=0",Targeted,"Run: Yes=1, No=0",Ball Carrier,"Punt: Yes=1, No=0","Field Goal: Yes=1, No=0","Kickoff Return: Yes=1, No=0","Penalty: Yes=1, No=0",Date,Season,Location,Home/Away,line,over/under,Attendance,Gameid
0,,,,,PSU, 1st,15:00 ,0,0,0, (15:00 - 1st) Tyler Durbin kickoff for 65 yds for a touchback ,65,,,,,,,,,,,10/23/2016,2016," University Park, PA 16802 ",home,OSU-17.0,56," 107,280",400869645
1,1st and 10 at PSU 25,1st , 10 , PSU 25,PSU, 1st,14:35 ,0,0,0, (14:35 - 1st) Trace McSorley run for 5 yds to the PnSt 30 ,5,0,0,0,0,1, Trace McSorley ,0,0,0,0,10/23/2016,2016," University Park, PA 16802 ",home,OSU-17.0,56," 107,280",400869645
2,2nd and 5 at PSU 30,2nd , 5 , PSU 30,PSU, 1st,14:13 ,0,0,0, (14:13 - 1st) Saquon Barkley run for 19 yds to the PnSt 49 for a 1ST down ,19,0,0,0,0,1, Saquon Barkley ,0,0,0,0,10/23/2016,2016," University Park, PA 16802 ",home,OSU-17.0,56," 107,280",400869645
3,1st and 10 at PSU 49,1st , 10 , PSU 49,PSU, 1st,14:06 ,0,0,0, (14:06 - 1st) Saquon Barkley run for no gain to the PnSt 49 ,0,0,0,0,0,1, Saquon Barkley ,0,0,0,0,10/23/2016,2016," University Park, PA 16802 ",home,OSU-17.0,56," 107,280",400869645
4,2nd and 10 at PSU 49,2nd , 10 , PSU 49,PSU, 1st,13:32 ,0,0,0, (13:32 - 1st) Trace McSorley pass complete to Mike Gesicki for 26 yds to the OhSt 25 for a 1ST down ,26,1, Trace McSorley,1, Mike Gesicki ,0,0,0,0,0,0,10/23/2016,2016," University Park, PA 16802 ",home,OSU-17.0,56," 107,280",400869645
5,1st and 10 at OSU 25,1st , 10 , OSU 25,PSU, 1st,13:05 ,0,0,0, (13:05 - 1st) Trace McSorley run for 8 yds to the OhSt 17 ,8,0,0,0,0,1, Trace McSorley ,0,0,0,0,10/23/2016,2016," University Park, PA 16802 ",home,OSU-17.0,56," 107,280",400869645
6,2nd and 2 at OSU 17,2nd , 2 , OSU 17,PSU, 1st,12:22 ,0,0,0, (12:22 - 1st) Trace McSorley pass complete to Mike Gesicki for a loss of 4 yards to the OhSt 21 ,-4,1, Trace McSorley,1, Mike Gesicki ,0,0,0,0,0,0,10/23/2016,2016," University Park, PA 16802 ",home,OSU-17.0,56," 107,280",400869645
7,3rd and 6 at OSU 21,3rd , 6 , OSU 21,PSU, 1st,11:50 ,0,0,0, (11:50 - 1st) Trace McSorley run for no gain to the OhSt 21 ,0,0,0,0,0,1, Trace McSorley ,0,0,0,0,10/23/2016,2016," University Park, PA 16802 ",home,OSU-17.0,56," 107,280",400869645
8,4th and 6 at OSU 21,4th , 6 , OSU 21,PSU, 1st,11:16 ,0,0,0," (11:16 - 1st) Tyler Davis 39 yd FG BLOCKED blocked by TEAM Damon Webb return for no gain to the OhSt 21 OHIO ST Penalty, Offensive Holding (7 Yards) to the OhSt 4 ",,0,0,0,0,0,0,0,0,0,1,10/23/2016,2016," University Park, PA 16802 ",home,OSU-17.0,56," 107,280",400869645
9,1st and 10 at OSU 4,1st , 10 , OSU 4,OSU, 1st,10:47 ,0,0,0, (10:47 - 1st) Mike Weber run for 6 yds to the OhSt 10 ,6,0,0,0,0,1, Mike Weber ,0,0,0,0,10/23/2016,2016," University Park, PA 16802 ",home,OSU-17.0,56," 107,280",400869645
10,2nd and 4 at OSU 10,2nd , 4 , OSU 10,OSU, 1st,10:25 ,0,0,0, (10:25 - 1st) Mike Weber run for 2 yds to the OhSt 12 ,2,0,0,0,0,1, Mike Weber ,0,0,0,0,10/23/2016,2016," University Park, PA 16802 ",home,OSU-17.0,56," 107,280",400869645
11,3rd and 2 at OSU 12,3rd , 2 , OSU 12,OSU, 1st,10:10 ,0,0,0, (10:10 - 1st) Mike Weber run for 6 yds to the OhSt 18 for a 1ST down ,6,0,0,0,0,1, Mike Weber ,0,0,0,0,10/23/2016,2016," University Park, PA 16802 ",home,OSU-17.0,56," 107,280",400869645
12,1st and 10 at OSU 18,1st , 10 , OSU 18,OSU, 1st,10:00 ,0,0,0, (10:00 - 1st) J.T. Barrett run for 1 yd to the OhSt 19 ,1,0,0,0,0,1, J.T. Barrett ,0,0,0,0,10/23/2016,2016," University Park, PA 16802 ",home,OSU-17.0,56," 107,280",400869645
13,2nd and 9 at OSU 19,2nd , 9 , OSU 19,OSU, 1st,9:22 ,0,0,0, (9:22 - 1st) J.T. Barrett pass incomplete ,0,1, J.T. Barrett,0,0,0,0,0,0,0,0,10/23/2016,2016," University Park, PA 16802 ",home,OSU-17.0,56," 107,280",400869645
14,3rd and 9 at OSU 19,3rd , 9 , OSU 19,OSU, 1st,9:00 ,0,0,0, (9:00 - 1st) J.T. Barrett pass complete to Dontre Wilson for 8 yds to the OhSt 27 ,8,1, J.T. Barrett,1, Dontre Wilson ,0,0,0,0,0,0,10/23/2016,2016," University Park, PA 16802 ",home,OSU-17.0,56," 107,280",400869645
15,4th and 1 at OSU 27,4th , 1 , OSU 27,OSU, 1st,8:40 ,0,0,0," (8:40 - 1st) Cameron Johnston punt for 47 yds, fair catch by John Reid at the PnSt 26 ",47,0,0,0,0,0,0,1,0,0,0,10/23/2016,2016," University Park, PA 16802 ",home,OSU-17.0,56," 107,280",400869645
16,1st and 10 at PSU 26,1st , 10 , PSU 26,PSU, 1st,8:34 ,0,0,0, (8:34 - 1st) Trace McSorley pass incomplete ,0,1, Trace McSorley,0,0,0,0,0,0,0,0,10/23/2016,2016," University Park, PA 16802 ",home,OSU-17.0,56," 107,280",400869645
17,2nd and 10 at PSU 26,2nd , 10 , PSU 26,PSU, 1st,8:20 ,0,0,0, (8:20 - 1st) Chris Godwin run for 13 yds to the PnSt 39 for a 1ST down ,13,0,0,0,0,1, Chris Godwin ,0,0,0,0,10/23/2016,2016," University Park, PA 16802 ",home,OSU-17.0,56," 107,280",400869645
18,1st and 10 at PSU 39,1st , 10 , PSU 39,PSU, 1st,8:13 ,0,0,0, (8:13 - 1st) Trace McSorley pass incomplete to Chris Godwin ,0,1, Trace McSorley,0, Chris Godwin ,0,0,0,0,0,0,10/23/2016,2016," University Park, PA 16802 ",home,OSU-17.0,56," 107,280",400869645
19,2nd and 10 at PSU 39,2nd , 10 , PSU 39,PSU, 1st,8:08 ,0,0,0, (8:08 - 1st) Trace McSorley pass incomplete to Tom Pancoast ,0,1, Trace McSorley,0, Tom Pancoast ,0,0,0,0,0,0,10/23/2016,2016," University Park, PA 16802 ",home,OSU-17.0,56," 107,280",400869645
20,3rd and 10 at PSU 39,3rd , 10 , PSU 39,PSU, 1st,8:03 ,0,0,0, (8:03 - 1st) Trace McSorley pass incomplete ,0,1, Trace McSorley,0,0,0,0,0,0,0,0,10/23/2016,2016," University Park, PA 16802 ",home,OSU-17.0,56," 107,280",400869645
21,4th and 10 at PSU 39,4th , 10 , PSU 39,PSU, 1st,7:56 ,0,0,0," (7:56 - 1st) Blake Gillikin punt for 36 yds, fair catch by Dontre Wilson at the OhSt 25 ",36,0,0,0,0,0,0,1,0,0,0,10/23/2016,2016," University Park, PA 16802 ",home,OSU-17.0,56," 107,280",400869645
22,1st and 10 at OSU 25,1st , 10 , OSU 25,OSU, 1st,7:33 ,0,0,0, (7:33 - 1st) Mike Weber run for a loss of 1 yard to the OhSt 24 ,-1,0,0,0,0,1, Mike Weber ,0,0,0,0,10/23/2016,2016," University Park, PA 16802 ",home,OSU-17.0,56," 107,280",400869645
23,2nd and 11 at OSU 24,2nd , 11 , OSU 24,OSU, 1st,7:02 ,0,0,0, (7:02 - 1st) Mike Weber run for 1 yd to the OhSt 25 ,1,0,0,0,0,1, Mike Weber ,0,0,0,0,10/23/2016,2016," University Park, PA 16802 ",home,OSU-17.0,56," 107,280",400869645
24,3rd and 10 at OSU 25,3rd , 10 , OSU 25,OSU, 1st,6:30 ,0,0,0, (6:30 - 1st) J.T. Barrett pass complete to Marcus Baugh for 6 yds to the OhSt 31 ,6,1, J.T. Barrett,1, Marcus Baugh ,0,0,0,0,0,0,10/23/2016,2016," University Park, PA 16802 ",home,OSU-17.0,56," 107,280",400869645
25,4th and 4 at OSU 31,4th , 4 , OSU 31,OSU, 1st,6:05 ,0,0,0," (6:05 - 1st) Cameron Johnston punt for 54 yds , John Reid returns for 9 yds to the PnSt 24 ",54,0,0,0,0,0,0,1,0,0,0,10/23/2016,2016," University Park, PA 16802 ",home,OSU-17.0,56," 107,280",400869645
26,1st and 10 at PSU 24,1st , 10 , PSU 24,PSU, 1st,5:50 ,0,0,0, (5:50 - 1st) Saquon Barkley run for 7 yds to the PnSt 31 ,7,0,0,0,0,1, Saquon Barkley ,0,0,0,0,10/23/2016,2016," University Park, PA 16802 ",home,OSU-17.0,56," 107,280",400869645
27,2nd and 3 at PSU 31,2nd , 3 , PSU 31,PSU, 1st,5:28 ,0,0,0, (5:28 - 1st) Trace McSorley run for 2 yds to the PnSt 33 ,2,0,0,0,0,1, Trace McSorley ,0,0,0,0,10/23/2016,2016," University Park, PA 16802 ",home,OSU-17.0,56," 107,280",400869645
28,3rd and 1 at PSU 33,3rd , 1 , PSU 33,PSU, 1st,5:03 ,0,0,0, (5:03 - 1st) Saquon Barkley run for 27 yds to the OhSt 40 for a 1ST down ,27,0,0,0,0,1, Saquon Barkley ,0,0,0,0,10/23/2016,2016," University Park, PA 16802 ",home,OSU-17.0,56," 107,280",400869645
29,1st and 10 at OSU 40,1st , 10 , OSU 40,PSU, 1st,4:31 ,0,0,0, (4:31 - 1st) Trace McSorley pass incomplete to DeAndre Thompkins ,0,1, Trace McSorley,0, DeAndre Thompkins ,0,0,0,0,0,0,10/23/2016,2016," University Park, PA 16802 ",home,OSU-17.0,56," 107,280",400869645
30,2nd and 10 at OSU 40,2nd , 10 , OSU 40,PSU, 1st,4:00 ,0,0,0, (4:00 - 1st) Miles Sanders run for a loss of 10 yards to the 50 yard line ,-10,0,0,0,0,1, Miles Sanders ,0,0,0,0,10/23/2016,2016," University Park, PA 16802 ",home,OSU-17.0,56," 107,280",400869645
31,3rd and 20 at 50,3rd , 20 , 50,PSU, 1st,3:30 ,0,0,0, (3:30 - 1st) Trace McSorley run for 10 yds to the OhSt 40 ,10,0,0,0,0,1, Trace McSorley ,0,0,0,0,10/23/2016,2016," University Park, PA 16802 ",home,OSU-17.0,56," 107,280",400869645
32,4th and 10 at OSU 40,4th , 10 , OSU 40,PSU, 1st,2:48 ,0,0,0," (2:48 - 1st) Blake Gillikin punt for 30 yds , Dontre Wilson returns for a loss of 2 yards to the OhSt 8 Dontre Wilson fumbled, recovered by OhSt Gareon Conley ",-2,0,0,0,0,0,0,1,0,0,0,10/23/2016,2016," University Park, PA 16802 ",home,OSU-17.0,56," 107,280",400869645
33,1st and 10 at OSU 8,1st , 10 , OSU 8,OSU, 1st,2:18 ,0,0,0, (2:18 - 1st) Mike Weber run for 1 yd to the OhSt 9 ,1,0,0,0,0,1, Mike Weber ,0,0,0,0,10/23/2016,2016," University Park, PA 16802 ",home,OSU-17.0,56," 107,280",400869645
34,2nd and 9 at OSU 9,2nd , 9 , OSU 9,OSU, 1st,1:31 ,0,0,0, (1:31 - 1st) J.T. Barrett pass complete to Mike Weber for 6 yds to the OhSt 15 ,6,1, J.T. Barrett,1, Mike Weber ,0,0,0,0,0,0,10/23/2016,2016," University Park, PA 16802 ",home,OSU-17.0,56," 107,280",400869645
35,3rd and 3 at OSU 15,3rd , 3 , OSU 15,OSU, 1st,1:00 ,0,0,0, (1:00 - 1st) J.T. Barrett sacked by Brandon Bell for a loss of 2 yards to the OhSt 13 ,-2,,,,,,,,,,,10/23/2016,2016," University Park, PA 16802 ",home,OSU-17.0,56," 107,280",400869645
36,4th and 5 at OSU 13,4th , 5 , OSU 13,OSU, 1st,0:38 ,0,0,0," (0:38 - 1st) Cameron Johnston punt for 44 yds , John Reid returns for a loss of 5 yards to the PnSt 38 John Reid fumbled, recovered by OhSt Terry McLaurin ",-5,0,0,0,0,0,0,1,0,0,0,10/23/2016,2016," University Park, PA 16802 ",home,OSU-17.0,56," 107,280",400869645
37,1st and 10 at PSU 38,1st , 10 , PSU 38,OSU, 1st,0:30 ,0,3,-3, (0:30 - 1st) Mike Weber run for 23 yds to the PnSt 15 for a 1ST down ,23,0,0,0,0,1, Mike Weber ,0,0,0,0,10/23/2016,2016," University Park, PA 16802 ",home,OSU-17.0,56," 107,280",400869645
38,1st and 10 at PSU 15,1st , 10 , PSU 15,OSU, 1st,0:19 ,0,3,-3, (0:19 - 1st) J.T. Barrett pass incomplete ,0,1, J.T. Barrett,0,0,0,0,0,0,0,0,10/23/2016,2016," University Park, PA 16802 ",home,OSU-17.0,56," 107,280",400869645
39,2nd and 10 at PSU 15,2nd , 10 , PSU 15,OSU, 1st,0:18 ,0,3,-3," (0:18 - 1st) OHIO ST Penalty, False Start (-5 Yards) to the PnSt 20 ",,0,0,0,0,0,0,0,0,0,1,10/23/2016,2016," University Park, PA 16802 ",home,OSU-17.0,56," 107,280",400869645
40,2nd and 15 at PSU 20,2nd , 15 , PSU 20,OSU, 1st,0:13 ,0,3,-3, (0:13 - 1st) J.T. Barrett pass incomplete ,0,1, J.T. Barrett,0,0,0,0,0,0,0,0,10/23/2016,2016," University Park, PA 16802 ",home,OSU-17.0,56," 107,280",400869645
41,3rd and 15 at PSU 20,3rd , 15 , PSU 20,OSU, 1st,0:00 ,0,3,-3, (0:00 - 1st) J.T. Barrett pass complete to Mike Weber for 4 yds to the PnSt 16 ,4,1, J.T. Barrett,1, Mike Weber ,0,0,0,0,0,0,10/23/2016,2016," University Park, PA 16802 ",home,OSU-17.0,56," 107,280",400869645
42,,,,,OSU,,,0,3,-3, End of 1st Quarter ,,,,,,,,,,,,,,,,,,,
43,4th and 11 at PSU 16,4th , 11 , PSU 16,OSU, 2nd,14:55 ,0,3,-3, (14:55 - 2nd) Tyler Durbin 33 yd FG GOOD ,,0,0,0,0,0,0,0,1,0,0,10/23/2016,2016," University Park, PA 16802 ",home,OSU-17.0,56," 107,280",400869645
44,,,,,PSU, 2nd,14:55 ,0,3,-3," (14:55 - 2nd) Tyler Durbin kickoff for 61 yds , Miles Sanders return for 26 yds to the PENNST 39 OHIO ST Penalty, Defensive Offside (-5 Yards) to the PnSt 35 ",61,0,0,0,0,0,0,0,0,0,1,10/23/2016,2016," University Park, PA 16802 ",home,OSU-17.0,56," 107,280",400869645
45,1st and 10 at PSU 35,1st , 10 , PSU 35,PSU, 2nd,14:41 ,0,3,-3, (14:41 - 2nd) Trace McSorley pass incomplete to DeAndre Thompkins ,0,1, Trace McSorley,0, DeAndre Thompkins ,0,0,0,0,0,0,10/23/2016,2016," University Park, PA 16802 ",home,OSU-17.0,56," 107,280",400869645
46,2nd and 10 at PSU 35,2nd , 10 , PSU 35,PSU, 2nd,14:12 ,0,3,-3, (14:12 - 2nd) Trace McSorley run for no gain to the PnSt 35 ,0,0,0,0,0,1, Trace McSorley ,0,0,0,0,10/23/2016,2016," University Park, PA 16802 ",home,OSU-17.0,56," 107,280",400869645
47,3rd and 10 at PSU 35,3rd , 10 , PSU 35,PSU, 2nd,13:48 ,0,3,-3, (13:48 - 2nd) Trace McSorley run for 7 yds to the PnSt 42 ,7,0,0,0,0,1, Trace McSorley ,0,0,0,0,10/23/2016,2016," University Park, PA 16802 ",home,OSU-17.0,56," 107,280",400869645
48,4th and 3 at PSU 42,4th , 3 , PSU 42,PSU, 2nd,13:30 ,0,3,-3," (13:30 - 2nd) Blake Gillikin punt for 45 yds , Dontre Wilson returns for a loss of 2 yards to the OhSt 11 ",-2,0,0,0,0,0,0,1,0,0,0,10/23/2016,2016," University Park, PA 16802 ",home,OSU-17.0,56," 107,280",400869645
49,1st and 10 at OSU 11,1st , 10 , OSU 11,OSU, 2nd,13:20 ,0,3,-3, (13:20 - 2nd) J.T. Barrett pass incomplete to Curtis Samuel ,0,1, J.T. Barrett,0, Curtis Samuel ,0,0,0,0,0,0,10/23/2016,2016," University Park, PA 16802 ",home,OSU-17.0,56," 107,280",400869645
50,2nd and 10 at OSU 11,2nd , 10 , OSU 11,OSU, 2nd,13:20 ,0,3,-3, (13:20 - 2nd) Mike Weber run for 6 yds to the OhSt 17 ,6,0,0,0,0,1, Mike Weber ,0,0,0,0,10/23/2016,2016," University Park, PA 16802 ",home,OSU-17.0,56," 107,280",400869645
51,3rd and 4 at OSU 17,3rd , 4 , OSU 17,OSU, 2nd,12:50 ,0,3,-3," (12:50 - 2nd) PENN ST Penalty, Substitution Infraction (5 Yards) to the OhSt 22 for a 1ST down ",,0,0,0,0,0,0,0,0,0,1,10/23/2016,2016," University Park, PA 16802 ",home,OSU-17.0,56," 107,280",400869645
52,1st and 10 at OSU 22,1st , 10 , OSU 22,OSU, 2nd,12:45 ,0,3,-3, (12:45 - 2nd) Mike Weber run for 11 yds to the OhSt 33 for a 1ST down ,11,0,0,0,0,1, Mike Weber ,0,0,0,0,10/23/2016,2016," University Park, PA 16802 ",home,OSU-17.0,56," 107,280",400869645
53,1st and 10 at OSU 33,1st , 10 , OSU 33,OSU, 2nd,12:17 ,0,3,-3, (12:17 - 2nd) J.T. Barrett run for no gain to the OhSt 33 ,0,0,0,0,0,1, J.T. Barrett ,0,0,0,0,10/23/2016,2016," University Park, PA 16802 ",home,OSU-17.0,56," 107,280",400869645
54,2nd and 10 at OSU 33,2nd , 10 , OSU 33,OSU, 2nd,12:04 ,0,3,-3, (12:04 - 2nd) J.T. Barrett pass incomplete to James Clark ,0,1, J.T. Barrett,0, James Clark ,0,0,0,0,0,0,10/23/2016,2016," University Park, PA 16802 ",home,OSU-17.0,56," 107,280",400869645
55,3rd and 10 at OSU 33,3rd , 10 , OSU 33,OSU, 2nd,11:57 ,0,3,-3, (11:57 - 2nd) J.T. Barrett pass incomplete ,0,1, J.T. Barrett,0,0,0,0,0,0,0,0,10/23/2016,2016," University Park, PA 16802 ",home,OSU-17.0,56," 107,280",400869645
56,4th and 10 at OSU 33,4th , 10 , OSU 33,OSU, 2nd,11:47 ,0,3,-3," (11:47 - 2nd) Cameron Johnston punt for 54 yds , Gregg Garrity returns for 4 yds to the PnSt 17 ",54,0,0,0,0,0,0,1,0,0,0,10/23/2016,2016," University Park, PA 16802 ",home,OSU-17.0,56," 107,280",400869645
57,1st and 10 at PSU 17,1st , 10 , PSU 17,PSU, 2nd,11:24 ,0,3,-3, (11:24 - 2nd) Saquon Barkley run for a loss of 2 yards to the PnSt 15 ,-2,0,0,0,0,1, Saquon Barkley ,0,0,0,0,10/23/2016,2016," University Park, PA 16802 ",home,OSU-17.0,56," 107,280",400869645
58,2nd and 12 at PSU 15,2nd , 12 , PSU 15,PSU, 2nd,10:58 ,0,3,-3, (10:58 - 2nd) Trace McSorley run for 13 yds to the PnSt 28 for a 1ST down ,13,0,0,0,0,1, Trace McSorley ,0,0,0,0,10/23/2016,2016," University Park, PA 16802 ",home,OSU-17.0,56," 107,280",400869645
59,1st and 10 at PSU 28,1st , 10 , PSU 28,PSU, 2nd,10:31 ,0,3,-3, (10:31 - 2nd) Trace McSorley run for 3 yds to the PnSt 31 ,3,0,0,0,0,1, Trace McSorley ,0,0,0,0,10/23/2016,2016," University Park, PA 16802 ",home,OSU-17.0,56," 107,280",400869645
60,2nd and 7 at PSU 31,2nd , 7 , PSU 31,PSU, 2nd,10:15 ,0,3,-3, (10:15 - 2nd) Trace McSorley pass incomplete ,0,1, Trace McSorley,0,0,0,0,0,0,0,0,10/23/2016,2016," University Park, PA 16802 ",home,OSU-17.0,56," 107,280",400869645
61,3rd and 7 at PSU 31,3rd , 7 , PSU 31,PSU, 2nd,10:09 ,0,3,-3, (10:09 - 2nd) Trace McSorley pass incomplete to DaeSean Hamilton ,0,1, Trace McSorley,0, DaeSean Hamilton ,0,0,0,0,0,0,10/23/2016,2016," University Park, PA 16802 ",home,OSU-17.0,56," 107,280",400869645
62,4th and 7 at PSU 31,4th , 7 , PSU 31,PSU, 2nd,10:02 ,0,3,-3," (10:02 - 2nd) Blake Gillikin punt for 47 yds, fair catch by Dontre Wilson at the OhSt 22 ",47,0,0,0,0,0,0,1,0,0,0,10/23/2016,2016," University Park, PA 16802 ",home,OSU-17.0,56," 107,280",400869645
63,1st and 10 at OSU 22,1st , 10 , OSU 22,OSU, 2nd,9:27 ,0,9,-9, (9:27 - 2nd) Mike Weber run for 3 yds to the OhSt 25 ,3,0,0,0,0,1, Mike Weber ,0,0,0,0,10/23/2016,2016," University Park, PA 16802 ",home,OSU-17.0,56," 107,280",400869645
64,2nd and 7 at OSU 25,2nd , 7 , OSU 25,OSU, 2nd,9:05 ,0,9,-9, (9:05 - 2nd) J.T. Barrett pass complete to Curtis Samuel for 15 yds to the OhSt 40 for a 1ST down ,15,1, J.T. Barrett,1, Curtis Samuel ,0,0,0,0,0,0,10/23/2016,2016," University Park, PA 16802 ",home,OSU-17.0,56," 107,280",400869645
65,1st and 10 at OSU 40,1st , 10 , OSU 40,OSU, 2nd,8:43 ,0,9,-9, (8:43 - 2nd) J.T. Barrett pass complete to Curtis Samuel for a loss of 2 yards to the OhSt 38 ,-2,1, J.T. Barrett,1, Curtis Samuel ,0,0,0,0,0,0,10/23/2016,2016," University Park, PA 16802 ",home,OSU-17.0,56," 107,280",400869645
66,2nd and 12 at OSU 38,2nd , 12 , OSU 38,OSU, 2nd,8:01 ,0,9,-9, (8:01 - 2nd) J.T. Barrett pass complete to Mike Weber for 5 yds to the OhSt 43 ,5,1, J.T. Barrett,1, Mike Weber ,0,0,0,0,0,0,10/23/2016,2016," University Park, PA 16802 ",home,OSU-17.0,56," 107,280",400869645
67,3rd and 7 at OSU 43,3rd , 7 , OSU 43,OSU, 2nd,7:45 ,0,9,-9, (7:45 - 2nd) J.T. Barrett pass complete to Curtis Samuel for 11 yds to the PnSt 46 for a 1ST down ,11,1, J.T. Barrett,1, Curtis Samuel ,0,0,0,0,0,0,10/23/2016,2016," University Park, PA 16802 ",home,OSU-17.0,56," 107,280",400869645
68,1st and 10 at PSU 46,1st , 10 , PSU 46,OSU, 2nd,7:41 ,0,9,-9," (7:41 - 2nd) OHIO ST Penalty, False Start (-5 Yards) to the OhSt 49 ",,0,0,0,0,0,0,0,0,0,1,10/23/2016,2016," University Park, PA 16802 ",home,OSU-17.0,56," 107,280",400869645
69,1st and 15 at OSU 49,1st , 15 , OSU 49,OSU, 2nd,7:02 ,0,9,-9, (7:02 - 2nd) J.T. Barrett pass complete to Noah Brown for 7 yds to the PnSt 44 ,7,1, J.T. Barrett,1, Noah Brown ,0,0,0,0,0,0,10/23/2016,2016," University Park, PA 16802 ",home,OSU-17.0,56," 107,280",400869645
70,2nd and 8 at PSU 44,2nd , 8 , PSU 44,OSU, 2nd,6:45 ,0,9,-9, (6:45 - 2nd) J.T. Barrett pass incomplete to Dontre Wilson ,0,1, J.T. Barrett,0, Dontre Wilson ,0,0,0,0,0,0,10/23/2016,2016," University Park, PA 16802 ",home,OSU-17.0,56," 107,280",400869645
71,,,,,OSU, 2nd,6:45 ,0,9,-9," (6:45 - 2nd) Timeout OHIO ST, clock 06:45 ",,,,,,,,,,,,10/23/2016,2016," University Park, PA 16802 ",home,OSU-17.0,56," 107,280",400869645
72,3rd and 8 at PSU 44,3rd , 8 , PSU 44,OSU, 2nd,6:31 ,0,9,-9, (6:31 - 2nd) J.T. Barrett pass complete to Parris Campbell for 6 yds to the PnSt 38 ,6,1, J.T. Barrett,1, Parris Campbell ,0,0,0,0,0,0,10/23/2016,2016," University Park, PA 16802 ",home,OSU-17.0,56," 107,280",400869645
73,,,,,OSU, 2nd,6:07 ,0,9,-9," (6:07 - 2nd) Timeout PENN ST, clock 06:07 ",,,,,,,,,,,,10/23/2016,2016," University Park, PA 16802 ",home,OSU-17.0,56," 107,280",400869645
74,4th and 2 at PSU 38,4th , 2 , PSU 38,OSU, 2nd,5:52 ,0,9,-9, (5:52 - 2nd) J.T. Barrett run for 10 yds to the PnSt 28 for a 1ST down ,10,0,0,0,0,1, J.T. Barrett ,0,0,0,0,10/23/2016,2016," University Park, PA 16802 ",home,OSU-17.0,56," 107,280",400869645
75,1st and 10 at PSU 28,1st , 10 , PSU 28,OSU, 2nd,5:23 ,0,9,-9, (5:23 - 2nd) Mike Weber run for 2 yds to the PnSt 26 ,2,0,0,0,0,1, Mike Weber ,0,0,0,0,10/23/2016,2016," University Park, PA 16802 ",home,OSU-17.0,56," 107,280",400869645
76,2nd and 8 at PSU 26,2nd , 8 , PSU 26,OSU, 2nd,4:53 ,0,9,-9," (4:53 - 2nd) J.T. Barrett pass complete to Marcus Baugh for 26 yds for a TD, (Tyler Durbin PAT MISSED) ",26,1, J.T. Barrett,1, Marcus Baugh ,0,0,0,0,0,0,10/23/2016,2016," University Park, PA 16802 ",home,OSU-17.0,56," 107,280",400869645
77,,,,,PSU, 2nd,4:53 ,0,9,-9," (4:53 - 2nd) Tyler Durbin kickoff for 59 yds , Miles Sanders return for 21 yds to the PnSt 27 ",59,,,,,,,,,,,10/23/2016,2016," University Park, PA 16802 ",home,OSU-17.0,56," 107,280",400869645
78,1st and 10 at PSU 27,1st , 10 , PSU 27,PSU, 2nd,4:28 ,0,9,-9, (4:28 - 2nd) Saquon Barkley run for 4 yds to the PnSt 31 ,4,0,0,0,0,1, Saquon Barkley ,0,0,0,0,10/23/2016,2016," University Park, PA 16802 ",home,OSU-17.0,56," 107,280",400869645
79,2nd and 6 at PSU 31,2nd , 6 , PSU 31,PSU, 2nd,4:20 ,0,9,-9, (4:20 - 2nd) Trace McSorley pass incomplete to Tom Pancoast ,0,1, Trace McSorley,0, Tom Pancoast ,0,0,0,0,0,0,10/23/2016,2016," University Park, PA 16802 ",home,OSU-17.0,56," 107,280",400869645
80,3rd and 6 at PSU 31,3rd , 6 , PSU 31,PSU, 2nd,3:51 ,0,9,-9, (3:51 - 2nd) Trace McSorley run for 2 yds to the PnSt 33 ,2,0,0,0,0,1, Trace McSorley ,0,0,0,0,10/23/2016,2016," University Park, PA 16802 ",home,OSU-17.0,56," 107,280",400869645
81,4th and 4 at PSU 33,4th , 4 , PSU 33,PSU, 2nd,3:36 ,0,9,-9," (3:36 - 2nd) Blake Gillikin punt for 38 yds, fair catch by Dontre Wilson at the OhSt 29 ",38,0,0,0,0,0,0,1,0,0,0,10/23/2016,2016," University Park, PA 16802 ",home,OSU-17.0,56," 107,280",400869645
82,1st and 10 at OSU 29,1st , 10 , OSU 29,OSU, 2nd,3:32 ,0,12,-12, (3:32 - 2nd) J.T. Barrett pass incomplete ,0,1, J.T. Barrett,0,0,0,0,0,0,0,0,10/23/2016,2016," University Park, PA 16802 ",home,OSU-17.0,56," 107,280",400869645
83,2nd and 10 at OSU 29,2nd , 10 , OSU 29,OSU, 2nd,3:11 ,0,12,-12, (3:11 - 2nd) J.T. Barrett run for 6 yds to the OhSt 35 ,6,0,0,0,0,1, J.T. Barrett ,0,0,0,0,10/23/2016,2016," University Park, PA 16802 ",home,OSU-17.0,56," 107,280",400869645
84,3rd and 4 at OSU 35,3rd , 4 , OSU 35,OSU, 2nd,2:42 ,0,12,-12, (2:42 - 2nd) J.T. Barrett pass complete to Curtis Samuel for 14 yds to the OhSt 49 for a 1ST down ,14,1, J.T. Barrett,1, Curtis Samuel ,0,0,0,0,0,0,10/23/2016,2016," University Park, PA 16802 ",home,OSU-17.0,56," 107,280",400869645
85,1st and 10 at OSU 49,1st , 10 , OSU 49,OSU, 2nd,2:00 ,0,12,-12, (2:00 - 2nd) J.T. Barrett run for 19 yds to the PnSt 32 for a 1ST down ,19,0,0,0,0,1, J.T. Barrett ,0,0,0,0,10/23/2016,2016," University Park, PA 16802 ",home,OSU-17.0,56," 107,280",400869645
86,1st and 10 at PSU 32,1st , 10 , PSU 32,OSU, 2nd,1:45 ,0,12,-12, (1:45 - 2nd) J.T. Barrett pass complete to Terry McLaurin for 19 yds to the PnSt 13 for a 1ST down ,19,1, J.T. Barrett,1, Terry McLaurin ,0,0,0,0,0,0,10/23/2016,2016," University Park, PA 16802 ",home,OSU-17.0,56," 107,280",400869645
87,1st and 10 at PSU 13,1st , 10 , PSU 13,OSU, 2nd,1:27 ,0,12,-12, (1:27 - 2nd) J.T. Barrett pass incomplete to Mike Weber ,0,1, J.T. Barrett,0, Mike Weber ,0,0,0,0,0,0,10/23/2016,2016," University Park, PA 16802 ",home,OSU-17.0,56," 107,280",400869645
88,2nd and 10 at PSU 13,2nd , 10 , PSU 13,OSU, 2nd,1:22 ,0,12,-12, (1:22 - 2nd) J.T. Barrett pass incomplete ,0,1, J.T. Barrett,0,0,0,0,0,0,0,0,10/23/2016,2016," University Park, PA 16802 ",home,OSU-17.0,56," 107,280",400869645
89,3rd and 10 at PSU 13,3rd , 10 , PSU 13,OSU, 2nd,1:19 ,0,12,-12, (1:19 - 2nd) J.T. Barrett pass incomplete ,0,1, J.T. Barrett,0,0,0,0,0,0,0,0,10/23/2016,2016," University Park, PA 16802 ",home,OSU-17.0,56," 107,280",400869645
90,4th and 10 at PSU 13,4th , 10 , PSU 13,OSU, 2nd,1:14 ,0,12,-12, (1:14 - 2nd) Tyler Durbin 30 yd FG GOOD ,,0,0,0,0,0,0,0,1,0,0,10/23/2016,2016," University Park, PA 16802 ",home,OSU-17.0,56," 107,280",400869645
91,,,,,PSU, 2nd,1:14 ,7,12,-5," (1:14 - 2nd) Tyler Durbin kickoff for 54 yds , Miles Sanders return for 15 yds to the PnSt 26 ",54,,,,,,,,,,,10/23/2016,2016," University Park, PA 16802 ",home,OSU-17.0,56," 107,280",400869645
92,1st and 10 at PSU 26,1st , 10 , PSU 26,PSU, 2nd,1:04 ,7,12,-5, (1:04 - 2nd) Trace McSorley run for 1 yd to the PnSt 27 ,1,0,0,0,0,1, Trace McSorley ,0,0,0,0,10/23/2016,2016," University Park, PA 16802 ",home,OSU-17.0,56," 107,280",400869645
93,2nd and 9 at PSU 27,2nd , 9 , PSU 27,PSU, 2nd,0:50 ,7,12,-5, (0:50 - 2nd) Saquon Barkley run for 1 yd to the PnSt 28 ,1,0,0,0,0,1, Saquon Barkley ,0,0,0,0,10/23/2016,2016," University Park, PA 16802 ",home,OSU-17.0,56," 107,280",400869645
94,,,,,PSU, 2nd,0:47 ,7,12,-5," (0:47 - 2nd) Timeout PENN ST, clock 00:47 ",,,,,,,,,,,,10/23/2016,2016," University Park, PA 16802 ",home,OSU-17.0,56," 107,280",400869645
95,3rd and 8 at PSU 28,3rd , 8 , PSU 28,PSU, 2nd,0:37 ,7,12,-5, (0:37 - 2nd) Trace McSorley pass complete to Chris Godwin for 19 yds to the PnSt 47 for a 1ST down ,19,1, Trace McSorley,1, Chris Godwin ,0,0,0,0,0,0,10/23/2016,2016," University Park, PA 16802 ",home,OSU-17.0,56," 107,280",400869645
96,1st and 10 at PSU 47,1st , 10 , PSU 47,PSU, 2nd,0:30 ,7,12,-5, (0:30 - 2nd) Trace McSorley sacked by Nick Bosa for a loss of 1 yard to the PnSt 46 ,-1,,,,,,,,,,,10/23/2016,2016," University Park, PA 16802 ",home,OSU-17.0,56," 107,280",400869645
97,,,,,PSU, 2nd,0:29 ,7,12,-5," (0:29 - 2nd) Timeout PENN ST, clock 00:29 ",,,,,,,,,,,,10/23/2016,2016," University Park, PA 16802 ",home,OSU-17.0,56," 107,280",400869645
98,2nd and 11 at PSU 46,2nd , 11 , PSU 46,PSU, 2nd,0:20 ,7,12,-5, (0:20 - 2nd) Trace McSorley pass complete to DaeSean Hamilton for 34 yds to the OhSt 20 for a 1ST down ,34,1, Trace McSorley,1, DaeSean Hamilton ,0,0,0,0,0,0,10/23/2016,2016," University Park, PA 16802 ",home,OSU-17.0,56," 107,280",400869645
99,1st and 10 at OSU 20,1st , 10 , OSU 20,PSU, 2nd,0:15 ,7,12,-5, (0:15 - 2nd) Trace McSorley pass incomplete to Saquon Barkley ,0,1, Trace McSorley,0, Saquon Barkley ,0,0,0,0,0,0,10/23/2016,2016," University Park, PA 16802 ",home,OSU-17.0,56," 107,280",400869645
100,2nd and 10 at OSU 20,2nd , 10 , OSU 20,PSU, 2nd,0:09 ,7,12,-5," (0:09 - 2nd) Trace McSorley pass complete to Chris Godwin for 20 yds for a TD, (Tyler Davis KICK) ",20,1, Trace McSorley,1, Chris Godwin ,0,0,0,0,0,0,10/23/2016,2016," University Park, PA 16802 ",home,OSU-17.0,56," 107,280",400869645
101,,,,,OSU, 2nd,0:09 ,7,12,-5," (0:09 - 2nd) Joey Julius kickoff for 38 yds , Joe Burger return for 13 yds to the OhSt 40 ",38,,,,,,,,,,,10/23/2016,2016," University Park, PA 16802 ",home,OSU-17.0,56," 107,280",400869645
102,1st and 10 at OSU 40,1st , 10 , OSU 40,OSU, 2nd,0:00 ,7,12,-5, (0:00 - 2nd) Mike Weber run for no gain to the OhSt 40 ,0,0,0,0,0,1, Mike Weber ,0,0,0,0,10/23/2016,2016," University Park, PA 16802 ",home,OSU-17.0,56," 107,280",400869645
103,,,,,OSU, 3rd,15:00 ,7,12,-5," (15:00 - 3rd) Joey Julius kickoff for 62 yds , Parris Campbell return for 22 yds to the OhSt 25 ",62,,,,,,,,,,,10/23/2016,2016," University Park, PA 16802 ",home,OSU-17.0,56," 107,280",400869645
104,1st and 10 at OSU 25,1st , 10 , OSU 25,OSU, 3rd,14:22 ,7,12,-5, (14:22 - 3rd) Mike Weber run for 6 yds to the OhSt 31 ,6,0,0,0,0,1, Mike Weber ,0,0,0,0,10/23/2016,2016," University Park, PA 16802 ",home,OSU-17.0,56," 107,280",400869645
105,2nd and 4 at OSU 31,2nd , 4 , OSU 31,OSU, 3rd,13:50 ,7,12,-5, (13:50 - 3rd) Mike Weber run for a loss of 3 yards to the OhSt 28 ,-3,0,0,0,0,1, Mike Weber ,0,0,0,0,10/23/2016,2016," University Park, PA 16802 ",home,OSU-17.0,56," 107,280",400869645
106,3rd and 7 at OSU 28,3rd , 7 , OSU 28,OSU, 3rd,13:10 ,7,12,-5, (13:10 - 3rd) J.T. Barrett sacked by Garrett Sickels and Evan Schwan for a loss of 9 yards to the OhSt 19 ,-9,,,,,,,,,,,10/23/2016,2016," University Park, PA 16802 ",home,OSU-17.0,56," 107,280",400869645
107,4th and 16 at OSU 19,4th , 16 , OSU 19,OSU, 3rd,12:53 ,7,12,-5," (12:53 - 3rd) Cameron Johnston punt for 49 yds , Gregg Garrity returns for 7 yds to the PnSt 39 ",49,0,0,0,0,0,0,1,0,0,0,10/23/2016,2016," University Park, PA 16802 ",home,OSU-17.0,56," 107,280",400869645
108,1st and 10 at PSU 39,1st , 10 , PSU 39,PSU, 3rd,12:40 ,7,12,-5, (12:40 - 3rd) Trace McSorley run for 16 yds to the OhSt 45 for a 1ST down ,16,0,0,0,0,1, Trace McSorley ,0,0,0,0,10/23/2016,2016," University Park, PA 16802 ",home,OSU-17.0,56," 107,280",400869645
109,1st and 10 at OSU 45,1st , 10 , OSU 45,PSU, 3rd,12:17 ,7,12,-5, (12:17 - 3rd) Trace McSorley run for no gain to the OhSt 45 ,0,0,0,0,0,1, Trace McSorley ,0,0,0,0,10/23/2016,2016," University Park, PA 16802 ",home,OSU-17.0,56," 107,280",400869645
110,2nd and 10 at OSU 45,2nd , 10 , OSU 45,PSU, 3rd,11:47 ,7,12,-5, (11:47 - 3rd) Trace McSorley pass incomplete to Chris Godwin ,0,1, Trace McSorley,0, Chris Godwin ,0,0,0,0,0,0,10/23/2016,2016," University Park, PA 16802 ",home,OSU-17.0,56," 107,280",400869645
111,3rd and 10 at OSU 45,3rd , 10 , OSU 45,PSU, 3rd,11:41 ,7,12,-5, (11:41 - 3rd) Trace McSorley pass incomplete to Saeed Blacknall ,0,1, Trace McSorley,0, Saeed Blacknall ,0,0,0,0,0,0,10/23/2016,2016," University Park, PA 16802 ",home,OSU-17.0,56," 107,280",400869645
112,4th and 10 at OSU 45,4th , 10 , OSU 45,PSU, 3rd,11:34 ,7,12,-5," (11:34 - 3rd) Blake Gillikin punt for 27 yds, punt out-of-bounds at the OhSt 18 ",27,0,0,0,0,0,0,1,0,0,0,10/23/2016,2016," University Park, PA 16802 ",home,OSU-17.0,56," 107,280",400869645
113,1st and 10 at OSU 18,1st , 10 , OSU 18,OSU, 3rd,11:26 ,7,19,-12, (11:26 - 3rd) J.T. Barrett run for 1 yd to the OhSt 19 ,1,0,0,0,0,1, J.T. Barrett ,0,0,0,0,10/23/2016,2016," University Park, PA 16802 ",home,OSU-17.0,56," 107,280",400869645
114,2nd and 9 at OSU 19,2nd , 9 , OSU 19,OSU, 3rd,10:33 ,7,19,-12, (10:33 - 3rd) J.T. Barrett pass complete to Curtis Samuel for 7 yds to the OhSt 26 ,7,1, J.T. Barrett,1, Curtis Samuel ,0,0,0,0,0,0,10/23/2016,2016," University Park, PA 16802 ",home,OSU-17.0,56," 107,280",400869645
115,3rd and 2 at OSU 26,3rd , 2 , OSU 26,OSU, 3rd,10:10 ,7,19,-12," (10:10 - 3rd) Curtis Samuel run for 74 yds for a TD, (Tyler Durbin KICK) ",74,0,0,0,0,1, Curtis Samuel ,0,0,0,0,10/23/2016,2016," University Park, PA 16802 ",home,OSU-17.0,56," 107,280",400869645
116,,,,,PSU, 3rd,10:10 ,7,21,-14," (10:10 - 3rd) Tyler Durbin kickoff for 61 yds , Miles Sanders return for 27 yds to the PnSt 31 ",61,,,,,,,,,,,10/23/2016,2016," University Park, PA 16802 ",home,OSU-17.0,56," 107,280",400869645
117,1st and 10 at PSU 31,1st , 10 , PSU 31,PSU, 3rd,9:38 ,7,21,-14, (9:38 - 3rd) Saquon Barkley run for a loss of 2 yards to the PnSt 29 ,-2,0,0,0,0,1, Saquon Barkley ,0,0,0,0,10/23/2016,2016," University Park, PA 16802 ",home,OSU-17.0,56," 107,280",400869645
118,2nd and 12 at PSU 29,2nd , 12 , PSU 29,PSU, 3rd,9:05 ,7,21,-14, (9:05 - 3rd) Trace McSorley run for 1 yd to the PnSt 30 ,1,0,0,0,0,1, Trace McSorley ,0,0,0,0,10/23/2016,2016," University Park, PA 16802 ",home,OSU-17.0,56," 107,280",400869645
119,3rd and 11 at PSU 30,3rd , 11 , PSU 30,PSU, 3rd,8:38 ,7,21,-14, (8:38 - 3rd) Trace McSorley pass incomplete to DaeSean Hamilton ,0,1, Trace McSorley,0, DaeSean Hamilton ,0,0,0,0,0,0,10/23/2016,2016," University Park, PA 16802 ",home,OSU-17.0,56," 107,280",400869645
120,4th and 11 at PSU 30,4th , 11 , PSU 30,PSU, 3rd,8:31 ,7,21,-14," (8:31 - 3rd) TEAM run for -30 yds for a SAFETY,TEAM fumbled, recovered by PnSt B. Gillikin,for a SAFETY ",-30,0,0,0,0,1, TEAM ,0,0,0,0,10/23/2016,2016," University Park, PA 16802 ",home,OSU-17.0,56," 107,280",400869645
121,,,,,OSU, 3rd,8:31 ,7,21,-14," (8:31 - 3rd) Joey Julius kickoff for 62 yds , Parris Campbell return for 22 yds to the OhSt 40 ",62,,,,,,,,,,,10/23/2016,2016," University Park, PA 16802 ",home,OSU-17.0,56," 107,280",400869645
122,1st and 10 at OSU 40,1st , 10 , OSU 40,OSU, 3rd,8:00 ,7,21,-14, (8:00 - 3rd) Mike Weber run for a loss of 2 yards to the OhSt 38 ,-2,0,0,0,0,1, Mike Weber ,0,0,0,0,10/23/2016,2016," University Park, PA 16802 ",home,OSU-17.0,56," 107,280",400869645
123,2nd and 12 at OSU 38,2nd , 12 , OSU 38,OSU, 3rd,7:13 ,7,21,-14, (7:13 - 3rd) J.T. Barrett pass complete to Marcus Baugh for 7 yds to the OhSt 45 ,7,1, J.T. Barrett,1, Marcus Baugh ,0,0,0,0,0,0,10/23/2016,2016," University Park, PA 16802 ",home,OSU-17.0,56," 107,280",400869645
124,3rd and 5 at OSU 45,3rd , 5 , OSU 45,OSU, 3rd,7:07 ,7,21,-14," (7:07 - 3rd) OHIO ST Penalty, False Start (-5 Yards) to the OhSt 40 ",,0,0,0,0,0,0,0,0,0,1,10/23/2016,2016," University Park, PA 16802 ",home,OSU-17.0,56," 107,280",400869645
125,3rd and 10 at OSU 40,3rd , 10 , OSU 40,OSU, 3rd,6:40 ,7,21,-14, (6:40 - 3rd) J.T. Barrett run for 15 yds to the PnSt 45 for a 1ST down ,15,0,0,0,0,1, J.T. Barrett ,0,0,0,0,10/23/2016,2016," University Park, PA 16802 ",home,OSU-17.0,56," 107,280",400869645
126,1st and 10 at PSU 45,1st , 10 , PSU 45,OSU, 3rd,6:07 ,7,21,-14, (6:07 - 3rd) J.T. Barrett run for 5 yds to the PnSt 40 ,5,0,0,0,0,1, J.T. Barrett ,0,0,0,0,10/23/2016,2016," University Park, PA 16802 ",home,OSU-17.0,56," 107,280",400869645
127,2nd and 5 at PSU 40,2nd , 5 , PSU 40,OSU, 3rd,5:02 ,7,21,-14, (5:02 - 3rd) J.T. Barrett sacked by Garrett Sickels for a loss of 5 yards to the PnSt 45 ,-5,,,,,,,,,,,10/23/2016,2016," University Park, PA 16802 ",home,OSU-17.0,56," 107,280",400869645
128,3rd and 10 at PSU 45,3rd , 10 , PSU 45,OSU, 3rd,4:35 ,7,21,-14, (4:35 - 3rd) J.T. Barrett pass complete to Mike Weber for 7 yds to the PnSt 38 ,7,1, J.T. Barrett,1, Mike Weber ,0,0,0,0,0,0,10/23/2016,2016," University Park, PA 16802 ",home,OSU-17.0,56," 107,280",400869645
129,4th and 3 at PSU 38,4th , 3 , PSU 38,OSU, 3rd,4:13 ,7,21,-14," (4:13 - 3rd) OHIO ST Penalty, Illegal Procedure (-5 Yards) to the PnSt 43 ",,0,0,0,0,0,0,0,0,0,1,10/23/2016,2016," University Park, PA 16802 ",home,OSU-17.0,56," 107,280",400869645
130,4th and 8 at PSU 43,4th , 8 , PSU 43,OSU, 3rd,4:03 ,7,21,-14," (4:03 - 3rd) Cameron Johnston punt for 36 yds, downed at the PnSt 7 ",36,0,0,0,0,0,0,1,0,0,0,10/23/2016,2016," University Park, PA 16802 ",home,OSU-17.0,56," 107,280",400869645
131,1st and 10 at PSU 7,1st , 10 , PSU 7,PSU, 3rd,3:52 ,7,21,-14, (3:52 - 3rd) Saquon Barkley run for no gain to the PnSt 7 ,0,0,0,0,0,1, Saquon Barkley ,0,0,0,0,10/23/2016,2016," University Park, PA 16802 ",home,OSU-17.0,56," 107,280",400869645
132,2nd and 10 at PSU 7,2nd , 10 , PSU 7,PSU, 3rd,3:08 ,7,21,-14, (3:08 - 3rd) Saquon Barkley run for 8 yds to the PnSt 15 ,8,0,0,0,0,1, Saquon Barkley ,0,0,0,0,10/23/2016,2016," University Park, PA 16802 ",home,OSU-17.0,56," 107,280",400869645
133,3rd and 2 at PSU 15,3rd , 2 , PSU 15,PSU, 3rd,2:25 ,7,21,-14, (2:25 - 3rd) Trace McSorley run for no gain to the PnSt 15 ,0,0,0,0,0,1, Trace McSorley ,0,0,0,0,10/23/2016,2016," University Park, PA 16802 ",home,OSU-17.0,56," 107,280",400869645
134,4th and 2 at PSU 15,4th , 2 , PSU 15,PSU, 3rd,2:08 ,7,21,-14," (2:08 - 3rd) Blake Gillikin punt for 41 yds, fair catch by Dontre Wilson at the OhSt 44 ",41,0,0,0,0,0,0,1,0,0,0,10/23/2016,2016," University Park, PA 16802 ",home,OSU-17.0,56," 107,280",400869645
135,1st and 10 at OSU 44,1st , 10 , OSU 44,OSU, 3rd,1:38 ,7,21,-14, (1:38 - 3rd) Curtis Samuel run for a loss of 3 yards to the OhSt 41 ,-3,0,0,0,0,1, Curtis Samuel ,0,0,0,0,10/23/2016,2016," University Park, PA 16802 ",home,OSU-17.0,56," 107,280",400869645
136,2nd and 13 at OSU 41,2nd , 13 , OSU 41,OSU, 3rd,1:21 ,7,21,-14, (1:21 - 3rd) J.T. Barrett pass complete to Mike Weber for 2 yds to the OhSt 43 ,2,1, J.T. Barrett,1, Mike Weber ,0,0,0,0,0,0,10/23/2016,2016," University Park, PA 16802 ",home,OSU-17.0,56," 107,280",400869645
137,3rd and 11 at OSU 43,3rd , 11 , OSU 43,OSU, 3rd,1:03 ,7,21,-14, (1:03 - 3rd) J.T. Barrett pass complete to Marcus Baugh for 11 yds to the PnSt 46 for a 1ST down ,11,1, J.T. Barrett,1, Marcus Baugh ,0,0,0,0,0,0,10/23/2016,2016," University Park, PA 16802 ",home,OSU-17.0,56," 107,280",400869645
138,1st and 10 at PSU 46,1st , 10 , PSU 46,OSU, 3rd,0:36 ,7,21,-14, (0:36 - 3rd) Mike Weber run for 1 yd to the PnSt 45 ,1,0,0,0,0,1, Mike Weber ,0,0,0,0,10/23/2016,2016," University Park, PA 16802 ",home,OSU-17.0,56," 107,280",400869645
139,2nd and 9 at PSU 45,2nd , 9 , PSU 45,OSU, 3rd,0:05 ,7,21,-14, (0:05 - 3rd) J.T. Barrett sacked by Garrett Sickels for a loss of 3 yards to the PnSt 48 ,-3,,,,,,,,,,,10/23/2016,2016," University Park, PA 16802 ",home,OSU-17.0,56," 107,280",400869645
140,3rd and 12 at PSU 48,3rd , 12 , PSU 48,OSU, 3rd,0:00 ,7,21,-14, (0:00 - 3rd) J.T. Barrett pass complete to Noah Brown for 4 yds to the PnSt 44 ,4,1, J.T. Barrett,1, Noah Brown ,0,0,0,0,0,0,10/23/2016,2016," University Park, PA 16802 ",home,OSU-17.0,56," 107,280",400869645
141,,,,,OSU,,,7,21,-14, End of 3rd Quarter ,,,,,,,,,,,,,,,,,,,
142,4th and 8 at PSU 44,4th , 8 , PSU 44,OSU, 4th,14:52 ,7,21,-14," (14:52 - 4th) Cameron Johnston punt for 34 yds, fair catch by Gregg Garrity at the PnSt 10 ",34,0,0,0,0,0,0,1,0,0,0,10/23/2016,2016," University Park, PA 16802 ",home,OSU-17.0,56," 107,280",400869645
143,1st and 10 at PSU 10,1st , 10 , PSU 10,PSU, 4th,14:40 ,14,21,-7, (14:40 - 4th) Trace McSorley pass complete to Mike Gesicki for 16 yds to the PnSt 26 for a 1ST down ,16,1, Trace McSorley,1, Mike Gesicki ,0,0,0,0,0,0,10/23/2016,2016," University Park, PA 16802 ",home,OSU-17.0,56," 107,280",400869645
144,1st and 10 at PSU 26,1st , 10 , PSU 26,PSU, 4th,14:10 ,14,21,-7, (14:10 - 4th) Saquon Barkley run for 37 yds to the OhSt 37 for a 1ST down ,37,0,0,0,0,1, Saquon Barkley ,0,0,0,0,10/23/2016,2016," University Park, PA 16802 ",home,OSU-17.0,56," 107,280",400869645
145,1st and 10 at OSU 37,1st , 10 , OSU 37,PSU, 4th,13:52 ,14,21,-7, (13:52 - 4th) Trace McSorley pass complete to Saeed Blacknall for 35 yds to the OhSt 2 for a 1ST down ,35,1, Trace McSorley,1, Saeed Blacknall ,0,0,0,0,0,0,10/23/2016,2016," University Park, PA 16802 ",home,OSU-17.0,56," 107,280",400869645
146,1st and Goal at OSU 2,1st , Goal , OSU 2,PSU, 4th,13:40 ,14,21,-7, (13:40 - 4th) Trace McSorley pass incomplete to Mike Gesicki ,0,1, Trace McSorley,0, Mike Gesicki ,0,0,0,0,0,0,10/23/2016,2016," University Park, PA 16802 ",home,OSU-17.0,56," 107,280",400869645
147,2nd and Goal at OSU 2,2nd , Goal , OSU 2,PSU, 4th,13:32 ,14,21,-7," (13:32 - 4th) Trace McSorley run for 2 yds for a TD, (Tyler Davis KICK) ",2,0,0,0,0,1, Trace McSorley ,0,0,0,0,10/23/2016,2016," University Park, PA 16802 ",home,OSU-17.0,56," 107,280",400869645
148,,,,,OSU, 4th,13:32 ,14,21,-7, (13:32 - 4th) Joey Julius kickoff for 65 yds for a touchback ,65,,,,,,,,,,,10/23/2016,2016," University Park, PA 16802 ",home,OSU-17.0,56," 107,280",400869645
149,1st and 10 at OSU 25,1st , 10 , OSU 25,OSU, 4th,13:00 ,14,21,-7," (13:00 - 4th) Mike Weber run for a loss of 5 yards to the OhSt 20 Mike Weber fumbled, recovered by OhSt Mike Weber ",-5,0,0,0,0,1, Mike Weber ,0,0,0,0,10/23/2016,2016," University Park, PA 16802 ",home,OSU-17.0,56," 107,280",400869645
150,2nd and 15 at OSU 20,2nd , 15 , OSU 20,OSU, 4th,12:22 ,14,21,-7, (12:22 - 4th) J.T. Barrett pass complete to Marcus Baugh for 5 yds to the OhSt 25 ,5,1, J.T. Barrett,1, Marcus Baugh ,0,0,0,0,0,0,10/23/2016,2016," University Park, PA 16802 ",home,OSU-17.0,56," 107,280",400869645
151,,,,,OSU, 4th,12:11 ,14,21,-7," (12:11 - 4th) Timeout OHIO ST, clock 12:11 ",,,,,,,,,,,,10/23/2016,2016," University Park, PA 16802 ",home,OSU-17.0,56," 107,280",400869645
152,3rd and 10 at OSU 25,3rd , 10 , OSU 25,OSU, 4th,11:58 ,14,21,-7, (11:58 - 4th) J.T. Barrett run for 3 yds to the OhSt 28 ,3,0,0,0,0,1, J.T. Barrett ,0,0,0,0,10/23/2016,2016," University Park, PA 16802 ",home,OSU-17.0,56," 107,280",400869645
153,4th and 7 at OSU 28,4th , 7 , OSU 28,OSU, 4th,11:42 ,14,21,-7, (11:42 - 4th) TEAM punt blocked by Cameron Brown ,,0,0,0,0,0,0,1,0,0,0,10/23/2016,2016," University Park, PA 16802 ",home,OSU-17.0,56," 107,280",400869645
154,1st and 10 at OSU 28,1st , 10 , OSU 28,PSU, 4th,11:10 ,17,21,-4, (11:10 - 4th) Trace McSorley pass complete to Mike Gesicki for 8 yds to the OhSt 20 ,8,1, Trace McSorley,1, Mike Gesicki ,0,0,0,0,0,0,10/23/2016,2016," University Park, PA 16802 ",home,OSU-17.0,56," 107,280",400869645
155,2nd and 2 at OSU 20,2nd , 2 , OSU 20,PSU, 4th,11:00 ,17,21,-4," (11:00 - 4th) Saquon Barkley run for no gain to the OhSt 20 for a 1ST down OHIO ST Penalty, Personal Foul (10 Yards) to the OhSt 10 for a 1ST down ",0,0,0,0,0,0,0,0,0,0,1,10/23/2016,2016," University Park, PA 16802 ",home,OSU-17.0,56," 107,280",400869645
156,1st and Goal at OSU 10,1st , Goal , OSU 10,PSU, 4th,10:30 ,17,21,-4, (10:30 - 4th) Trace McSorley run for a loss of 6 yards to the OhSt 16 ,-6,0,0,0,0,1, Trace McSorley ,0,0,0,0,10/23/2016,2016," University Park, PA 16802 ",home,OSU-17.0,56," 107,280",400869645
157,2nd and Goal at OSU 16,2nd , Goal , OSU 16,PSU, 4th,10:00 ,17,21,-4, (10:00 - 4th) Trace McSorley run for no gain to the OhSt 16 ,0,0,0,0,0,1, Trace McSorley ,0,0,0,0,10/23/2016,2016," University Park, PA 16802 ",home,OSU-17.0,56," 107,280",400869645
158,,,,,PSU, 4th,9:44 ,17,21,-4," (9:44 - 4th) Timeout PENN ST, clock 09:44 ",,,,,,,,,,,,10/23/2016,2016," University Park, PA 16802 ",home,OSU-17.0,56," 107,280",400869645
159,3rd and Goal at OSU 16,3rd , Goal , OSU 16,PSU, 4th,9:38 ,17,21,-4, (9:38 - 4th) Trace McSorley pass incomplete ,0,1, Trace McSorley,0,0,0,0,0,0,0,0,10/23/2016,2016," University Park, PA 16802 ",home,OSU-17.0,56," 107,280",400869645
160,4th and 0 at OSU 16,4th , 0 , OSU 16,PSU, 4th,9:33 ,17,21,-4, (9:33 - 4th) Tyler Davis 34 yd FG GOOD ,,0,0,0,0,0,0,0,1,0,0,10/23/2016,2016," University Park, PA 16802 ",home,OSU-17.0,56," 107,280",400869645
161,,,,,OSU, 4th,9:33 ,24,21,3," (9:33 - 4th) Joey Julius kickoff for 65 yds , Parris Campbell return for 13 yds to the OhSt 13 ",65,,,,,,,,,,,10/23/2016,2016," University Park, PA 16802 ",home,OSU-17.0,56," 107,280",400869645
162,1st and 10 at OSU 13,1st , 10 , OSU 13,OSU, 4th,9:05 ,24,21,3, (9:05 - 4th) Mike Weber run for 7 yds to the OhSt 20 ,7,0,0,0,0,1, Mike Weber ,0,0,0,0,10/23/2016,2016," University Park, PA 16802 ",home,OSU-17.0,56," 107,280",400869645
163,2nd and 3 at OSU 20,2nd , 3 , OSU 20,OSU, 4th,8:45 ,24,21,3, (8:45 - 4th) Mike Weber run for 3 yds to the OhSt 23 for a 1ST down ,3,0,0,0,0,1, Mike Weber ,0,0,0,0,10/23/2016,2016," University Park, PA 16802 ",home,OSU-17.0,56," 107,280",400869645
164,1st and 10 at OSU 23,1st , 10 , OSU 23,OSU, 4th,8:00 ,24,21,3, (8:00 - 4th) Mike Weber run for 1 yd to the OhSt 24 ,1,0,0,0,0,1, Mike Weber ,0,0,0,0,10/23/2016,2016," University Park, PA 16802 ",home,OSU-17.0,56," 107,280",400869645
165,2nd and 9 at OSU 24,2nd , 9 , OSU 24,OSU, 4th,7:35 ,24,21,3, (7:35 - 4th) J.T. Barrett pass complete to Noah Brown for 34 yds to the PnSt 42 for a 1ST down ,34,1, J.T. Barrett,1, Noah Brown ,0,0,0,0,0,0,10/23/2016,2016," University Park, PA 16802 ",home,OSU-17.0,56," 107,280",400869645
166,1st and 10 at PSU 42,1st , 10 , PSU 42,OSU, 4th,7:00 ,24,21,3, (7:00 - 4th) Mike Weber run for 3 yds to the PnSt 39 ,3,0,0,0,0,1, Mike Weber ,0,0,0,0,10/23/2016,2016," University Park, PA 16802 ",home,OSU-17.0,56," 107,280",400869645
167,2nd and 7 at PSU 39,2nd , 7 , PSU 39,OSU, 4th,6:28 ,24,21,3, (6:28 - 4th) J.T. Barrett pass complete to Mike Weber for 5 yds to the PnSt 34 ,5,1, J.T. Barrett,1, Mike Weber ,0,0,0,0,0,0,10/23/2016,2016," University Park, PA 16802 ",home,OSU-17.0,56," 107,280",400869645
168,3rd and 2 at PSU 34,3rd , 2 , PSU 34,OSU, 4th,5:40 ,24,21,3, (5:40 - 4th) J.T. Barrett run for 3 yds to the PnSt 31 for a 1ST down ,3,0,0,0,0,1, J.T. Barrett ,0,0,0,0,10/23/2016,2016," University Park, PA 16802 ",home,OSU-17.0,56," 107,280",400869645
169,1st and 10 at PSU 31,1st , 10 , PSU 31,OSU, 4th,5:30 ,24,21,3, (5:30 - 4th) J.T. Barrett pass incomplete ,0,1, J.T. Barrett,0,0,0,0,0,0,0,0,10/23/2016,2016," University Park, PA 16802 ",home,OSU-17.0,56," 107,280",400869645
170,2nd and 10 at PSU 31,2nd , 10 , PSU 31,OSU, 4th,5:08 ,24,21,3, (5:08 - 4th) J.T. Barrett pass complete to Curtis Samuel for 3 yds to the PnSt 28 ,3,1, J.T. Barrett,1, Curtis Samuel ,0,0,0,0,0,0,10/23/2016,2016," University Park, PA 16802 ",home,OSU-17.0,56," 107,280",400869645
171,3rd and 7 at PSU 28,3rd , 7 , PSU 28,OSU, 4th,4:39 ,24,21,3, (4:39 - 4th) J.T. Barrett pass incomplete ,0,1, J.T. Barrett,0,0,0,0,0,0,0,0,10/23/2016,2016," University Park, PA 16802 ",home,OSU-17.0,56," 107,280",400869645
172,4th and 7 at PSU 28,4th , 7 , PSU 28,OSU, 4th,4:27 ,24,21,3, (4:27 - 4th) Grant Haley 60 Yd Return of Blocked Field Goal (Tyler Davis Kick) ,,0,0,0,0,0,0,0,1,0,0,10/23/2016,2016," University Park, PA 16802 ",home,OSU-17.0,56," 107,280",400869645
173,,,,,OSU, 4th,4:27 ,24,21,3," (4:27 - 4th) Joey Julius kickoff for 64 yds , Parris Campbell return for 10 yds to the OhSt 11 ",64,,,,,,,,,,,10/23/2016,2016," University Park, PA 16802 ",home,OSU-17.0,56," 107,280",400869645
174,1st and 10 at OSU 11,1st , 10 , OSU 11,OSU, 4th,4:03 ,24,21,3, (4:03 - 4th) J.T. Barrett run for 1 yd to the OhSt 12 ,1,0,0,0,0,1, J.T. Barrett ,0,0,0,0,10/23/2016,2016," University Park, PA 16802 ",home,OSU-17.0,56," 107,280",400869645
175,2nd and 9 at OSU 12,2nd , 9 , OSU 12,OSU, 4th,3:33 ,24,21,3, (3:33 - 4th) J.T. Barrett pass complete to Curtis Samuel for 5 yds to the OhSt 17 ,5,1, J.T. Barrett,1, Curtis Samuel ,0,0,0,0,0,0,10/23/2016,2016," University Park, PA 16802 ",home,OSU-17.0,56," 107,280",400869645
176,3rd and 4 at OSU 17,3rd , 4 , OSU 17,OSU, 4th,3:14 ,24,21,3," (3:14 - 4th) OHIO ST Penalty, False Start (-5 Yards) to the OhSt 12 ",,0,0,0,0,0,0,0,0,0,1,10/23/2016,2016," University Park, PA 16802 ",home,OSU-17.0,56," 107,280",400869645
177,3rd and 9 at OSU 12,3rd , 9 , OSU 12,OSU, 4th,2:45 ,24,21,3, (2:45 - 4th) J.T. Barrett pass complete to Curtis Samuel for 15 yds to the OhSt 27 for a 1ST down ,15,1, J.T. Barrett,1, Curtis Samuel ,0,0,0,0,0,0,10/23/2016,2016," University Park, PA 16802 ",home,OSU-17.0,56," 107,280",400869645
178,1st and 10 at OSU 27,1st , 10 , OSU 27,OSU, 4th,2:15 ,24,21,3, (2:15 - 4th) J.T. Barrett pass complete to Mike Weber for 4 yds to the OhSt 31 ,4,1, J.T. Barrett,1, Mike Weber ,0,0,0,0,0,0,10/23/2016,2016," University Park, PA 16802 ",home,OSU-17.0,56," 107,280",400869645
179,2nd and 6 at OSU 31,2nd , 6 , OSU 31,OSU, 4th,1:57 ,24,21,3, (1:57 - 4th) J.T. Barrett pass complete to Mike Weber for 3 yds to the OhSt 34 ,3,1, J.T. Barrett,1, Mike Weber ,0,0,0,0,0,0,10/23/2016,2016," University Park, PA 16802 ",home,OSU-17.0,56," 107,280",400869645
180,3rd and 3 at OSU 34,3rd , 3 , OSU 34,OSU, 4th,1:38 ,24,21,3, (1:38 - 4th) J.T. Barrett pass complete to Dontre Wilson for 8 yds to the OhSt 42 for a 1ST down ,8,1, J.T. Barrett,1, Dontre Wilson ,0,0,0,0,0,0,10/23/2016,2016," University Park, PA 16802 ",home,OSU-17.0,56," 107,280",400869645
181,1st and 10 at OSU 42,1st , 10 , OSU 42,OSU, 4th,1:23 ,24,21,3, (1:23 - 4th) J.T. Barrett pass incomplete ,0,1, J.T. Barrett,0,0,0,0,0,0,0,0,10/23/2016,2016," University Park, PA 16802 ",home,OSU-17.0,56," 107,280",400869645
182,2nd and 10 at OSU 42,2nd , 10 , OSU 42,OSU, 4th,1:16 ,24,21,3, (1:16 - 4th) J.T. Barrett pass incomplete to James Clark ,0,1, J.T. Barrett,0, James Clark ,0,0,0,0,0,0,10/23/2016,2016," University Park, PA 16802 ",home,OSU-17.0,56," 107,280",400869645
183,3rd and 10 at OSU 42,3rd , 10 , OSU 42,OSU, 4th,1:10 ,24,21,3, (1:10 - 4th) J.T. Barrett sacked by Jason Cabinda for a loss of 13 yards to the OhSt 29 ,-13,,,,,,,,,,,10/23/2016,2016," University Park, PA 16802 ",home,OSU-17.0,56," 107,280",400869645
184,,,,,OSU, 4th,1:07 ,24,21,3," (1:07 - 4th) Timeout OHIO ST, clock 01:07 ",,,,,,,,,,,,10/23/2016,2016," University Park, PA 16802 ",home,OSU-17.0,56," 107,280",400869645
185,4th and 23 at OSU 29,4th , 23 , OSU 29,OSU, 4th,1:02 ,24,21,3, (1:02 - 4th) J.T. Barrett sacked by Evan Schwan and Kevin Givens for a loss of 6 yards to the OhSt 23 ,-6,,,,,,,,,,,10/23/2016,2016," University Park, PA 16802 ",home,OSU-17.0,56," 107,280",400869645
186,1st and 10 at OSU 23,1st , 10 , OSU 23,PSU, 4th,1:00 ,24,21,3, (1:00 - 4th) TEAM run for a loss of 5 yards to the OhSt 28 ,-5,0,0,0,0,1, TEAM ,0,0,0,0,10/23/2016,2016," University Park, PA 16802 ",home,OSU-17.0,56," 107,280",400869645
187,,,,,PSU, 4th,0:59 ,24,21,3," (0:59 - 4th) Timeout OHIO ST, clock 00:59 ",,,,,,,,,,,,10/23/2016,2016," University Park, PA 16802 ",home,OSU-17.0,56," 107,280",400869645
188,2nd and 15 at OSU 28,2nd , 15 , OSU 28,PSU, 4th,0:40 ,24,21,3, (0:40 - 4th) TEAM run for a loss of 4 yards to the OhSt 32 ,-4,0,0,0,0,1, TEAM ,0,0,0,0,10/23/2016,2016," University Park, PA 16802 ",home,OSU-17.0,56," 107,280",400869645
189,3rd and 19 at OSU 32,3rd , 19 , OSU 32,PSU, 4th,0:00 ,24,21,3, (0:00 - 4th) TEAM run for a loss of 4 yards to the OhSt 36 ,-4,0,0,0,0,1, TEAM ,0,0,0,0,10/23/2016,2016," University Park, PA 16802 ",home,OSU-17.0,56," 107,280",400869645
190,,,,,PSU,,,24,21,3, End of 4th Quarter ,,,,,,,,,,,,,,,,,,,
